AlertSmoke,1,R2,R1,50.0,40.0,3,1,AlertSmoke
BaseThermRead,1,R3,R3,21.0,35.0,4,3,BaseThermRead
DetectMov,1,R1,R1,23.0,20.0,2,2,DetectMov
AlertSmoke,2,R1,R1,35.0,50.0,2,0,AlertSmoke
AlertSmoke,3,R3,R3,23.0,35.0,1,0,AlertSmoke
AlertSmoke,4,R1,R1,50.0,35.0,2,1,AlertSmoke
AlertSmoke,5,R2,R2,50.0,35.0,0,4,AlertSmoke
ErrorEvt,5,R2,R3,23.0,50.0,0,3,ErrorEvt
AlertSmoke,6,R3,R2,42.0,20.0,1,1,AlertSmoke
BaseThermRead,6,R1,R3,18.0,40.0,2,4,BaseThermRead
DetectMov,6,R1,R3,18.0,50.0,1,3,DetectMov
ErrorEvt,6,R3,R1,21.0,10.0,2,3,ErrorEvt
BaseThermRead,7,R1,R3,35.0,50.0,4,3,BaseThermRead
ErrorEvt,7,R2,R3,18.0,50.0,1,0,ErrorEvt
AlertSmoke,8,R2,R1,42.0,35.0,0,2,AlertSmoke
DetectMov,8,R3,R3,23.0,50.0,3,4,DetectMov
ErrorEvt,8,R2,R2,21.0,40.0,1,0,ErrorEvt
BaseThermRead,9,R3,R1,21.0,20.0,4,3,BaseThermRead
DetectMov,9,R1,R1,23.0,40.0,2,3,DetectMov
ErrorEvt,9,R3,R3,35.0,20.0,1,0,ErrorEvt
BaseThermRead,10,R3,R1,21.0,50.0,0,2,BaseThermRead
ErrorEvt,10,R1,R1,21.0,20.0,2,2,ErrorEvt
BaseThermRead,11,R2,R2,42.0,40.0,3,3,BaseThermRead
DetectMov,11,R3,R1,42.0,20.0,1,1,DetectMov
ErrorEvt,11,R3,R3,50.0,20.0,1,1,ErrorEvt
DetectMov,12,R1,R2,21.0,20.0,4,4,DetectMov
AlertSmoke,13,R3,R2,42.0,20.0,3,3,AlertSmoke
DetectMov,13,R3,R3,42.0,20.0,3,3,DetectMov
ErrorEvt,13,R2,R1,23.0,40.0,1,1,ErrorEvt
ErrorEvt,14,R1,R2,23.0,50.0,4,0,ErrorEvt
BaseThermRead,16,R2,R1,23.0,10.0,0,1,BaseThermRead
AlertSmoke,18,R2,R2,35.0,20.0,1,2,AlertSmoke
BaseThermRead,18,R1,R2,50.0,40.0,2,3,BaseThermRead
DetectMov,18,R2,R3,23.0,35.0,3,1,DetectMov
AlertSmoke,19,R1,R1,18.0,40.0,2,4,AlertSmoke
ErrorEvt,19,R3,R3,23.0,10.0,2,2,ErrorEvt
DetectMov,20,R3,R3,35.0,50.0,1,3,DetectMov
ErrorEvt,20,R2,R3,23.0,20.0,3,3,ErrorEvt
DetectMov,21,R2,R3,42.0,35.0,3,3,DetectMov
ErrorEvt,21,R1,R2,18.0,35.0,3,0,ErrorEvt
DetectMov,22,R3,R3,42.0,40.0,3,1,DetectMov
BaseThermRead,23,R2,R3,23.0,50.0,4,3,BaseThermRead
DetectMov,23,R3,R1,42.0,35.0,3,2,DetectMov
AlertSmoke,24,R3,R2,50.0,35.0,1,1,AlertSmoke
DetectMov,24,R3,R3,42.0,50.0,4,4,DetectMov
AlertSmoke,25,R2,R1,50.0,40.0,2,1,AlertSmoke
AlertSmoke,26,R2,R3,42.0,35.0,4,1,AlertSmoke
ErrorEvt,26,R2,R2,35.0,50.0,0,3,ErrorEvt
AlertSmoke,27,R1,R1,50.0,20.0,2,4,AlertSmoke
ErrorEvt,27,R3,R1,42.0,20.0,0,1,ErrorEvt
BaseThermRead,28,R1,R2,50.0,10.0,2,4,BaseThermRead
BaseThermRead,29,R3,R2,42.0,50.0,4,0,BaseThermRead
DetectMov,29,R2,R2,50.0,20.0,3,4,DetectMov
ErrorEvt,29,R2,R3,23.0,50.0,2,3,ErrorEvt
BaseThermRead,30,R3,R3,23.0,35.0,0,0,BaseThermRead
DetectMov,30,R3,R3,18.0,35.0,0,1,DetectMov
ErrorEvt,30,R3,R3,23.0,35.0,0,3,ErrorEvt
DetectMov,31,R1,R3,50.0,10.0,2,4,DetectMov
ErrorEvt,31,R1,R2,42.0,50.0,2,1,ErrorEvt
AlertSmoke,32,R1,R1,23.0,20.0,2,3,AlertSmoke
BaseThermRead,32,R3,R2,18.0,35.0,0,3,BaseThermRead
DetectMov,32,R3,R1,42.0,20.0,2,1,DetectMov
ErrorEvt,32,R2,R3,42.0,10.0,2,2,ErrorEvt
AlertSmoke,33,R1,R2,50.0,10.0,2,2,AlertSmoke
BaseThermRead,33,R1,R2,35.0,40.0,0,0,BaseThermRead
DetectMov,33,R1,R2,50.0,10.0,0,2,DetectMov
ErrorEvt,33,R1,R1,50.0,20.0,2,3,ErrorEvt
AlertSmoke,34,R2,R2,23.0,20.0,3,4,AlertSmoke
DetectMov,34,R1,R1,50.0,10.0,0,0,DetectMov
ErrorEvt,34,R3,R1,18.0,50.0,4,3,ErrorEvt
AlertSmoke,35,R2,R3,21.0,40.0,2,1,AlertSmoke
DetectMov,35,R1,R1,50.0,10.0,2,2,DetectMov
ErrorEvt,35,R1,R3,42.0,35.0,2,3,ErrorEvt
AlertSmoke,36,R2,R3,21.0,35.0,4,0,AlertSmoke
DetectMov,36,R1,R3,21.0,50.0,0,3,DetectMov
AlertSmoke,37,R1,R2,21.0,35.0,2,2,AlertSmoke
ErrorEvt,37,R1,R1,50.0,10.0,3,2,ErrorEvt
BaseThermRead,38,R3,R1,35.0,50.0,2,4,BaseThermRead
ErrorEvt,38,R1,R3,42.0,20.0,3,0,ErrorEvt
BaseThermRead,39,R3,R1,18.0,35.0,0,0,BaseThermRead
ErrorEvt,39,R2,R2,21.0,10.0,3,2,ErrorEvt
BaseThermRead,40,R3,R3,18.0,20.0,3,2,BaseThermRead
ErrorEvt,40,R2,R3,21.0,50.0,3,3,ErrorEvt
DetectMov,41,R1,R1,21.0,10.0,0,2,DetectMov
ErrorEvt,41,R2,R2,23.0,40.0,3,1,ErrorEvt
AlertSmoke,42,R1,R2,21.0,40.0,1,0,AlertSmoke
ErrorEvt,42,R2,R3,21.0,40.0,2,1,ErrorEvt
AlertSmoke,43,R1,R1,50.0,20.0,4,1,AlertSmoke
ErrorEvt,43,R2,R2,42.0,50.0,4,2,ErrorEvt
ErrorEvt,44,R2,R3,42.0,10.0,2,2,ErrorEvt
BaseThermRead,45,R2,R1,50.0,10.0,2,2,BaseThermRead
BaseThermRead,46,R1,R2,35.0,40.0,4,3,BaseThermRead
DetectMov,46,R3,R3,50.0,10.0,2,2,DetectMov
AlertSmoke,48,R1,R3,35.0,50.0,1,2,AlertSmoke
DetectMov,48,R1,R2,35.0,50.0,4,0,DetectMov
AlertSmoke,49,R1,R3,23.0,40.0,1,3,AlertSmoke
DetectMov,49,R2,R3,50.0,20.0,3,1,DetectMov
ErrorEvt,49,R3,R3,23.0,40.0,2,2,ErrorEvt
AlertSmoke,50,R1,R2,35.0,40.0,0,1,AlertSmoke
DetectMov,50,R3,R3,23.0,10.0,0,3,DetectMov
ErrorEvt,50,R3,R1,42.0,10.0,3,4,ErrorEvt
BaseThermRead,51,R3,R3,18.0,50.0,4,2,BaseThermRead
DetectMov,51,R3,R3,35.0,40.0,4,2,DetectMov
ErrorEvt,51,R2,R3,23.0,40.0,2,4,ErrorEvt
AlertSmoke,52,R2,R1,50.0,40.0,1,3,AlertSmoke
DetectMov,52,R2,R2,23.0,50.0,3,0,DetectMov
ErrorEvt,52,R2,R2,50.0,35.0,3,2,ErrorEvt
AlertSmoke,53,R1,R1,23.0,35.0,1,4,AlertSmoke
BaseThermRead,53,R3,R3,50.0,20.0,2,3,BaseThermRead
ErrorEvt,53,R3,R2,23.0,35.0,4,1,ErrorEvt
AlertSmoke,54,R1,R2,23.0,20.0,2,0,AlertSmoke
BaseThermRead,54,R3,R2,42.0,35.0,0,3,BaseThermRead
AlertSmoke,55,R3,R1,42.0,40.0,0,3,AlertSmoke
AlertSmoke,57,R1,R2,21.0,50.0,1,2,AlertSmoke
DetectMov,57,R1,R3,18.0,35.0,0,1,DetectMov
AlertSmoke,58,R3,R2,50.0,35.0,3,4,AlertSmoke
DetectMov,58,R1,R1,35.0,20.0,4,0,DetectMov
ErrorEvt,58,R1,R1,23.0,40.0,2,0,ErrorEvt
AlertSmoke,59,R3,R3,23.0,35.0,3,3,AlertSmoke
BaseThermRead,59,R2,R1,35.0,50.0,4,1,BaseThermRead
DetectMov,59,R1,R3,35.0,10.0,2,0,DetectMov
AlertSmoke,60,R2,R3,50.0,20.0,0,3,AlertSmoke
BaseThermRead,60,R3,R3,23.0,40.0,2,2,BaseThermRead
ErrorEvt,60,R1,R3,42.0,50.0,3,2,ErrorEvt
DetectMov,64,R1,R3,42.0,35.0,2,3,DetectMov
AlertSmoke,65,R1,R2,50.0,10.0,1,3,AlertSmoke
BaseThermRead,65,R3,R2,50.0,40.0,0,4,BaseThermRead
DetectMov,65,R3,R1,21.0,10.0,3,3,DetectMov
ErrorEvt,65,R3,R3,23.0,10.0,1,1,ErrorEvt
BaseThermRead,66,R3,R1,23.0,35.0,3,2,BaseThermRead
DetectMov,66,R1,R3,50.0,10.0,1,0,DetectMov
DetectMov,67,R1,R1,21.0,10.0,1,0,DetectMov
AlertSmoke,70,R2,R3,35.0,40.0,1,0,AlertSmoke
ErrorEvt,70,R2,R3,50.0,20.0,1,1,ErrorEvt
AlertSmoke,71,R1,R1,42.0,35.0,0,3,AlertSmoke
BaseThermRead,71,R3,R2,21.0,35.0,1,2,BaseThermRead
ErrorEvt,71,R2,R1,21.0,10.0,1,0,ErrorEvt
BaseThermRead,72,R3,R2,23.0,40.0,0,0,BaseThermRead
DetectMov,72,R3,R2,35.0,35.0,4,3,DetectMov
ErrorEvt,72,R1,R2,21.0,50.0,0,3,ErrorEvt
AlertSmoke,73,R1,R3,18.0,20.0,1,4,AlertSmoke
DetectMov,73,R3,R1,50.0,40.0,3,4,DetectMov
AlertSmoke,74,R3,R2,42.0,40.0,0,0,AlertSmoke
DetectMov,74,R3,R3,18.0,40.0,4,4,DetectMov
ErrorEvt,74,R2,R2,50.0,50.0,0,4,ErrorEvt
AlertSmoke,75,R3,R3,18.0,40.0,4,2,AlertSmoke
DetectMov,75,R1,R3,35.0,35.0,0,4,DetectMov
ErrorEvt,75,R1,R3,23.0,10.0,2,3,ErrorEvt
DetectMov,76,R3,R2,23.0,35.0,2,0,DetectMov
ErrorEvt,76,R2,R1,50.0,50.0,2,0,ErrorEvt
BaseThermRead,77,R3,R3,21.0,35.0,4,1,BaseThermRead
BaseThermRead,78,R1,R2,21.0,40.0,0,0,BaseThermRead
DetectMov,78,R1,R1,23.0,20.0,0,3,DetectMov
DetectMov,79,R2,R3,35.0,40.0,1,4,DetectMov
AlertSmoke,80,R1,R1,23.0,10.0,4,0,AlertSmoke
AlertSmoke,81,R2,R1,18.0,50.0,3,3,AlertSmoke
ErrorEvt,81,R3,R2,18.0,35.0,4,4,ErrorEvt
AlertSmoke,82,R2,R2,21.0,40.0,3,0,AlertSmoke
ErrorEvt,82,R3,R2,23.0,20.0,3,3,ErrorEvt
AlertSmoke,83,R1,R3,23.0,50.0,3,3,AlertSmoke
BaseThermRead,83,R2,R2,50.0,20.0,3,1,BaseThermRead
BaseThermRead,84,R2,R3,50.0,20.0,4,3,BaseThermRead
DetectMov,84,R1,R1,23.0,10.0,2,2,DetectMov
AlertSmoke,85,R1,R3,21.0,35.0,3,3,AlertSmoke
BaseThermRead,85,R1,R1,18.0,50.0,1,2,BaseThermRead
DetectMov,85,R1,R2,21.0,10.0,4,2,DetectMov
AlertSmoke,86,R3,R1,23.0,20.0,1,1,AlertSmoke
AlertSmoke,87,R2,R2,23.0,50.0,0,1,AlertSmoke
DetectMov,87,R3,R2,21.0,35.0,3,0,DetectMov
ErrorEvt,87,R3,R3,23.0,40.0,1,1,ErrorEvt
AlertSmoke,88,R3,R2,18.0,50.0,0,3,AlertSmoke
DetectMov,88,R1,R1,18.0,50.0,2,3,DetectMov
DetectMov,89,R3,R1,18.0,50.0,3,0,DetectMov
BaseThermRead,90,R1,R2,23.0,10.0,4,2,BaseThermRead
DetectMov,91,R2,R2,35.0,20.0,2,2,DetectMov
ErrorEvt,92,R2,R3,35.0,20.0,1,4,ErrorEvt
AlertSmoke,93,R2,R3,18.0,50.0,1,3,AlertSmoke
DetectMov,93,R3,R2,50.0,40.0,3,2,DetectMov
ErrorEvt,93,R2,R3,18.0,40.0,0,2,ErrorEvt
AlertSmoke,94,R2,R1,21.0,10.0,0,4,AlertSmoke
AlertSmoke,95,R3,R2,42.0,35.0,4,3,AlertSmoke
BaseThermRead,95,R1,R2,23.0,50.0,2,3,BaseThermRead
DetectMov,95,R1,R1,35.0,50.0,2,4,DetectMov
BaseThermRead,96,R3,R2,23.0,40.0,4,3,BaseThermRead
BaseThermRead,97,R2,R1,21.0,10.0,3,4,BaseThermRead
DetectMov,97,R3,R3,50.0,10.0,4,4,DetectMov
DetectMov,98,R1,R2,21.0,50.0,1,3,DetectMov
ErrorEvt,98,R3,R3,21.0,35.0,4,3,ErrorEvt
DetectMov,99,R1,R3,50.0,10.0,1,2,DetectMov
AlertSmoke,100,R3,R2,35.0,20.0,2,4,AlertSmoke
ErrorEvt,100,R2,R1,35.0,35.0,3,3,ErrorEvt
AlertSmoke,101,R3,R2,21.0,40.0,0,4,AlertSmoke
DetectMov,101,R1,R3,50.0,35.0,3,1,DetectMov
AlertSmoke,102,R3,R3,21.0,35.0,2,1,AlertSmoke
BaseThermRead,102,R2,R3,50.0,20.0,0,3,BaseThermRead
ErrorEvt,102,R1,R3,42.0,35.0,2,3,ErrorEvt
ErrorEvt,103,R2,R1,23.0,35.0,3,2,ErrorEvt
ErrorEvt,104,R2,R1,18.0,50.0,3,1,ErrorEvt
ErrorEvt,105,R1,R1,35.0,10.0,3,4,ErrorEvt
DetectMov,106,R2,R1,21.0,50.0,3,0,DetectMov
AlertSmoke,107,R2,R3,42.0,10.0,0,3,AlertSmoke
BaseThermRead,107,R2,R3,23.0,20.0,0,4,BaseThermRead
DetectMov,107,R3,R1,50.0,50.0,2,1,DetectMov
AlertSmoke,108,R2,R3,23.0,35.0,1,2,AlertSmoke
BaseThermRead,108,R1,R1,18.0,10.0,4,1,BaseThermRead
DetectMov,108,R2,R3,21.0,40.0,2,4,DetectMov
AlertSmoke,109,R3,R1,42.0,10.0,2,0,AlertSmoke
DetectMov,109,R2,R2,50.0,10.0,4,3,DetectMov
AlertSmoke,110,R1,R3,35.0,50.0,0,0,AlertSmoke
BaseThermRead,110,R3,R1,18.0,40.0,0,1,BaseThermRead
DetectMov,110,R2,R3,18.0,40.0,2,3,DetectMov
ErrorEvt,110,R2,R1,35.0,10.0,1,3,ErrorEvt
AlertSmoke,111,R3,R2,50.0,20.0,4,2,AlertSmoke
DetectMov,111,R3,R3,35.0,40.0,2,4,DetectMov
ErrorEvt,111,R1,R3,23.0,35.0,3,4,ErrorEvt
DetectMov,112,R3,R3,50.0,10.0,1,4,DetectMov
AlertSmoke,113,R3,R1,35.0,20.0,2,2,AlertSmoke
ErrorEvt,113,R3,R3,42.0,10.0,0,1,ErrorEvt
AlertSmoke,114,R3,R2,42.0,50.0,3,3,AlertSmoke
ErrorEvt,114,R2,R3,50.0,35.0,4,2,ErrorEvt
BaseThermRead,115,R2,R1,50.0,10.0,4,4,BaseThermRead
BaseThermRead,117,R1,R3,18.0,35.0,1,2,BaseThermRead
DetectMov,117,R1,R2,50.0,40.0,0,2,DetectMov
AlertSmoke,119,R2,R2,23.0,40.0,3,4,AlertSmoke
DetectMov,119,R3,R3,35.0,20.0,0,0,DetectMov
ErrorEvt,119,R1,R2,23.0,35.0,4,1,ErrorEvt
AlertSmoke,120,R2,R1,42.0,40.0,4,4,AlertSmoke
ErrorEvt,120,R1,R2,42.0,40.0,0,4,ErrorEvt
AlertSmoke,121,R2,R2,42.0,10.0,1,4,AlertSmoke
DetectMov,121,R1,R3,42.0,50.0,3,1,DetectMov
ErrorEvt,121,R1,R2,35.0,50.0,4,3,ErrorEvt
AlertSmoke,122,R2,R3,23.0,50.0,2,0,AlertSmoke
BaseThermRead,122,R2,R1,23.0,20.0,1,0,BaseThermRead
DetectMov,122,R2,R3,21.0,35.0,4,4,DetectMov
AlertSmoke,123,R2,R1,50.0,40.0,4,0,AlertSmoke
DetectMov,123,R2,R3,21.0,10.0,4,3,DetectMov
ErrorEvt,123,R2,R2,50.0,20.0,2,3,ErrorEvt
AlertSmoke,124,R1,R1,23.0,20.0,0,1,AlertSmoke
ErrorEvt,124,R2,R1,50.0,40.0,4,2,ErrorEvt
DetectMov,125,R2,R3,42.0,20.0,3,1,DetectMov
AlertSmoke,126,R3,R3,42.0,50.0,4,2,AlertSmoke
DetectMov,126,R2,R1,35.0,50.0,0,4,DetectMov
ErrorEvt,126,R2,R1,21.0,40.0,4,3,ErrorEvt
AlertSmoke,127,R3,R1,21.0,10.0,1,0,AlertSmoke
BaseThermRead,127,R1,R1,21.0,35.0,1,0,BaseThermRead
ErrorEvt,127,R3,R1,35.0,50.0,4,0,ErrorEvt
AlertSmoke,128,R1,R1,23.0,10.0,2,4,AlertSmoke
DetectMov,128,R3,R2,35.0,35.0,4,3,DetectMov
ErrorEvt,128,R3,R1,23.0,10.0,0,0,ErrorEvt
AlertSmoke,129,R3,R1,50.0,40.0,1,0,AlertSmoke
BaseThermRead,129,R3,R3,35.0,10.0,2,1,BaseThermRead
DetectMov,129,R1,R3,23.0,20.0,3,2,DetectMov
ErrorEvt,129,R3,R2,18.0,40.0,3,0,ErrorEvt
BaseThermRead,130,R3,R3,42.0,40.0,0,3,BaseThermRead
DetectMov,130,R1,R1,35.0,40.0,3,2,DetectMov
ErrorEvt,130,R1,R1,42.0,10.0,1,2,ErrorEvt
BaseThermRead,131,R1,R1,21.0,10.0,0,0,BaseThermRead
DetectMov,131,R1,R2,42.0,40.0,0,2,DetectMov
BaseThermRead,132,R2,R1,50.0,10.0,4,4,BaseThermRead
DetectMov,132,R3,R2,42.0,40.0,1,2,DetectMov
ErrorEvt,132,R1,R1,42.0,20.0,3,1,ErrorEvt
ErrorEvt,133,R3,R1,18.0,50.0,0,3,ErrorEvt
AlertSmoke,134,R2,R3,18.0,50.0,1,4,AlertSmoke
BaseThermRead,134,R2,R1,23.0,10.0,2,3,BaseThermRead
DetectMov,134,R3,R1,35.0,50.0,2,0,DetectMov
ErrorEvt,134,R2,R1,42.0,50.0,0,3,ErrorEvt
DetectMov,135,R2,R2,23.0,35.0,3,4,DetectMov
AlertSmoke,136,R1,R1,23.0,40.0,4,0,AlertSmoke
BaseThermRead,136,R3,R2,23.0,35.0,1,2,BaseThermRead
DetectMov,136,R3,R3,21.0,40.0,4,4,DetectMov
DetectMov,137,R3,R3,18.0,35.0,0,1,DetectMov
AlertSmoke,138,R1,R1,23.0,50.0,3,4,AlertSmoke
BaseThermRead,138,R1,R1,42.0,10.0,3,0,BaseThermRead
AlertSmoke,139,R2,R2,21.0,40.0,0,3,AlertSmoke
DetectMov,139,R3,R1,42.0,35.0,0,0,DetectMov
ErrorEvt,139,R1,R1,35.0,10.0,2,4,ErrorEvt
AlertSmoke,140,R2,R3,18.0,35.0,1,0,AlertSmoke
DetectMov,140,R3,R2,23.0,20.0,2,2,DetectMov
AlertSmoke,141,R1,R3,18.0,20.0,1,4,AlertSmoke
DetectMov,141,R2,R2,23.0,20.0,3,3,DetectMov
ErrorEvt,141,R2,R2,50.0,35.0,0,1,ErrorEvt
AlertSmoke,142,R2,R3,42.0,20.0,3,3,AlertSmoke
DetectMov,142,R2,R1,50.0,40.0,1,2,DetectMov
ErrorEvt,142,R1,R3,50.0,50.0,2,4,ErrorEvt
AlertSmoke,143,R1,R3,42.0,20.0,0,3,AlertSmoke
BaseThermRead,143,R1,R1,23.0,40.0,4,4,BaseThermRead
DetectMov,143,R1,R1,21.0,40.0,1,2,DetectMov
DetectMov,144,R2,R1,21.0,20.0,2,4,DetectMov
BaseThermRead,145,R3,R1,42.0,40.0,0,2,BaseThermRead
DetectMov,146,R2,R3,23.0,35.0,4,4,DetectMov
BaseThermRead,147,R3,R2,35.0,40.0,3,0,BaseThermRead
ErrorEvt,147,R3,R1,23.0,10.0,4,1,ErrorEvt
AlertSmoke,148,R2,R2,50.0,40.0,4,0,AlertSmoke
BaseThermRead,148,R1,R3,23.0,50.0,0,3,BaseThermRead
ErrorEvt,148,R2,R3,21.0,20.0,2,3,ErrorEvt
AlertSmoke,149,R2,R3,50.0,50.0,2,3,AlertSmoke
BaseThermRead,149,R2,R1,18.0,35.0,2,4,BaseThermRead
AlertSmoke,150,R1,R1,23.0,10.0,0,4,AlertSmoke
BaseThermRead,150,R1,R2,50.0,10.0,4,3,BaseThermRead
ErrorEvt,150,R1,R1,50.0,10.0,2,0,ErrorEvt
AlertSmoke,151,R3,R2,23.0,10.0,1,0,AlertSmoke
BaseThermRead,151,R3,R2,42.0,50.0,0,4,BaseThermRead
DetectMov,151,R3,R3,23.0,40.0,2,4,DetectMov
BaseThermRead,152,R2,R1,21.0,40.0,0,4,BaseThermRead
AlertSmoke,153,R3,R3,42.0,20.0,0,1,AlertSmoke
BaseThermRead,153,R3,R1,50.0,40.0,1,0,BaseThermRead
AlertSmoke,154,R2,R3,21.0,35.0,0,4,AlertSmoke
BaseThermRead,154,R1,R1,18.0,40.0,2,4,BaseThermRead
BaseThermRead,155,R1,R1,42.0,50.0,4,1,BaseThermRead
ErrorEvt,155,R3,R1,18.0,10.0,4,4,ErrorEvt
BaseThermRead,156,R3,R3,18.0,50.0,0,4,BaseThermRead
DetectMov,156,R3,R3,18.0,35.0,2,3,DetectMov
BaseThermRead,157,R3,R1,18.0,20.0,1,1,BaseThermRead
ErrorEvt,157,R1,R2,35.0,40.0,2,0,ErrorEvt
DetectMov,158,R1,R2,23.0,40.0,3,0,DetectMov
AlertSmoke,159,R1,R1,21.0,50.0,2,4,AlertSmoke
BaseThermRead,159,R3,R3,35.0,35.0,2,4,BaseThermRead
DetectMov,159,R2,R2,21.0,10.0,0,2,DetectMov
AlertSmoke,160,R3,R1,18.0,40.0,1,1,AlertSmoke
DetectMov,160,R2,R1,50.0,40.0,0,4,DetectMov
AlertSmoke,161,R1,R3,50.0,35.0,2,3,AlertSmoke
BaseThermRead,161,R2,R3,35.0,10.0,3,4,BaseThermRead
DetectMov,161,R1,R3,35.0,50.0,2,3,DetectMov
BaseThermRead,162,R2,R3,21.0,40.0,4,4,BaseThermRead
DetectMov,162,R2,R2,21.0,40.0,0,1,DetectMov
ErrorEvt,162,R1,R3,50.0,40.0,0,1,ErrorEvt
DetectMov,163,R2,R2,21.0,40.0,2,2,DetectMov
DetectMov,164,R2,R1,21.0,20.0,4,0,DetectMov
ErrorEvt,164,R3,R1,50.0,10.0,0,3,ErrorEvt
DetectMov,165,R2,R3,42.0,10.0,1,1,DetectMov
ErrorEvt,165,R1,R3,42.0,40.0,2,1,ErrorEvt
AlertSmoke,166,R2,R1,21.0,40.0,3,0,AlertSmoke
DetectMov,166,R2,R2,23.0,20.0,2,4,DetectMov
ErrorEvt,166,R2,R3,50.0,35.0,3,3,ErrorEvt
BaseThermRead,167,R3,R2,21.0,40.0,1,1,BaseThermRead
ErrorEvt,167,R3,R2,50.0,35.0,3,2,ErrorEvt
BaseThermRead,168,R2,R3,35.0,50.0,3,4,BaseThermRead
BaseThermRead,169,R1,R2,21.0,20.0,4,4,BaseThermRead
BaseThermRead,170,R1,R3,42.0,35.0,3,4,BaseThermRead
AlertSmoke,171,R3,R2,42.0,35.0,1,3,AlertSmoke
DetectMov,171,R1,R2,50.0,50.0,3,1,DetectMov
AlertSmoke,172,R1,R1,18.0,40.0,3,2,AlertSmoke
DetectMov,172,R2,R2,35.0,50.0,2,4,DetectMov
ErrorEvt,172,R1,R3,42.0,20.0,1,3,ErrorEvt
AlertSmoke,173,R2,R3,35.0,35.0,4,1,AlertSmoke
ErrorEvt,173,R1,R1,18.0,20.0,1,1,ErrorEvt
AlertSmoke,174,R2,R3,18.0,10.0,3,2,AlertSmoke
ErrorEvt,174,R2,R2,50.0,35.0,0,3,ErrorEvt
BaseThermRead,175,R3,R2,21.0,35.0,0,2,BaseThermRead
ErrorEvt,176,R2,R3,35.0,35.0,3,3,ErrorEvt
BaseThermRead,177,R2,R1,21.0,50.0,2,1,BaseThermRead
DetectMov,177,R3,R1,42.0,50.0,4,3,DetectMov
ErrorEvt,177,R1,R1,50.0,20.0,0,2,ErrorEvt
BaseThermRead,178,R2,R1,35.0,40.0,4,1,BaseThermRead
AlertSmoke,179,R2,R3,50.0,20.0,4,2,AlertSmoke
DetectMov,179,R3,R2,21.0,40.0,3,4,DetectMov
ErrorEvt,179,R2,R1,42.0,35.0,0,2,ErrorEvt
AlertSmoke,180,R1,R3,18.0,20.0,2,1,AlertSmoke
BaseThermRead,180,R3,R3,42.0,10.0,3,0,BaseThermRead
ErrorEvt,180,R2,R3,21.0,10.0,3,0,ErrorEvt
DetectMov,181,R1,R1,35.0,50.0,1,0,DetectMov
ErrorEvt,181,R2,R2,18.0,10.0,3,3,ErrorEvt
AlertSmoke,182,R1,R3,23.0,10.0,3,4,AlertSmoke
BaseThermRead,182,R3,R1,35.0,20.0,1,0,BaseThermRead
ErrorEvt,182,R1,R3,23.0,35.0,3,1,ErrorEvt
AlertSmoke,183,R1,R1,21.0,50.0,0,0,AlertSmoke
BaseThermRead,183,R2,R1,21.0,35.0,1,1,BaseThermRead
ErrorEvt,183,R1,R1,50.0,10.0,4,1,ErrorEvt
AlertSmoke,184,R2,R3,42.0,20.0,0,1,AlertSmoke
ErrorEvt,184,R3,R2,50.0,35.0,2,1,ErrorEvt
AlertSmoke,185,R1,R3,21.0,35.0,0,4,AlertSmoke
AlertSmoke,186,R3,R2,50.0,50.0,2,1,AlertSmoke
DetectMov,186,R1,R1,35.0,35.0,3,0,DetectMov
ErrorEvt,186,R2,R2,18.0,40.0,1,1,ErrorEvt
AlertSmoke,187,R1,R1,18.0,20.0,0,2,AlertSmoke
DetectMov,187,R1,R3,23.0,20.0,1,0,DetectMov
ErrorEvt,187,R3,R1,18.0,50.0,3,2,ErrorEvt
BaseThermRead,188,R3,R3,18.0,35.0,1,0,BaseThermRead
DetectMov,188,R2,R3,18.0,35.0,3,0,DetectMov
ErrorEvt,188,R2,R1,35.0,40.0,1,0,ErrorEvt
AlertSmoke,189,R1,R1,21.0,40.0,3,4,AlertSmoke
BaseThermRead,189,R1,R2,18.0,10.0,0,0,BaseThermRead
ErrorEvt,189,R3,R3,42.0,35.0,0,0,ErrorEvt
BaseThermRead,190,R2,R1,23.0,40.0,4,2,BaseThermRead
DetectMov,190,R1,R1,35.0,20.0,4,0,DetectMov
ErrorEvt,190,R2,R1,35.0,10.0,1,0,ErrorEvt
BaseThermRead,191,R1,R2,23.0,40.0,3,3,BaseThermRead
DetectMov,191,R3,R3,42.0,10.0,0,1,DetectMov
BaseThermRead,192,R1,R3,42.0,40.0,3,1,BaseThermRead
ErrorEvt,192,R2,R1,18.0,35.0,3,3,ErrorEvt
ErrorEvt,193,R3,R1,18.0,20.0,1,4,ErrorEvt
AlertSmoke,194,R2,R3,23.0,35.0,3,3,AlertSmoke
AlertSmoke,195,R1,R1,21.0,35.0,1,2,AlertSmoke
ErrorEvt,195,R1,R3,21.0,10.0,2,0,ErrorEvt
AlertSmoke,196,R2,R3,21.0,50.0,2,3,AlertSmoke
DetectMov,196,R1,R3,23.0,50.0,1,1,DetectMov
ErrorEvt,196,R3,R1,42.0,10.0,1,4,ErrorEvt
AlertSmoke,197,R3,R3,18.0,20.0,1,2,AlertSmoke
BaseThermRead,197,R2,R1,23.0,10.0,3,0,BaseThermRead
DetectMov,197,R2,R1,21.0,50.0,0,1,DetectMov
ErrorEvt,197,R2,R3,23.0,40.0,3,4,ErrorEvt
AlertSmoke,198,R3,R1,18.0,10.0,0,1,AlertSmoke
DetectMov,198,R2,R1,18.0,50.0,1,3,DetectMov
AlertSmoke,199,R3,R3,23.0,50.0,3,0,AlertSmoke
BaseThermRead,199,R3,R2,18.0,50.0,2,2,BaseThermRead
DetectMov,199,R3,R3,35.0,50.0,4,1,DetectMov
ErrorEvt,199,R3,R3,21.0,10.0,2,3,ErrorEvt
AlertSmoke,200,R3,R2,21.0,20.0,3,4,AlertSmoke
ErrorEvt,200,R3,R1,21.0,35.0,3,0,ErrorEvt
BaseThermRead,201,R2,R3,50.0,35.0,0,2,BaseThermRead
ErrorEvt,201,R2,R2,21.0,20.0,4,0,ErrorEvt
AlertSmoke,202,R2,R2,18.0,40.0,1,3,AlertSmoke
AlertSmoke,203,R3,R3,50.0,40.0,1,0,AlertSmoke
ErrorEvt,203,R1,R3,18.0,40.0,4,1,ErrorEvt
AlertSmoke,204,R2,R3,42.0,10.0,0,3,AlertSmoke
DetectMov,204,R1,R1,50.0,20.0,1,3,DetectMov
ErrorEvt,204,R1,R2,50.0,20.0,0,1,ErrorEvt
AlertSmoke,205,R3,R3,18.0,20.0,4,1,AlertSmoke
DetectMov,205,R2,R2,35.0,20.0,3,1,DetectMov
ErrorEvt,205,R2,R1,18.0,40.0,2,3,ErrorEvt
BaseThermRead,206,R3,R3,18.0,40.0,4,2,BaseThermRead
BaseThermRead,207,R3,R2,50.0,50.0,1,1,BaseThermRead
DetectMov,207,R2,R2,18.0,50.0,0,3,DetectMov
BaseThermRead,208,R2,R3,35.0,10.0,0,4,BaseThermRead
DetectMov,208,R2,R3,35.0,35.0,1,3,DetectMov
BaseThermRead,209,R2,R3,50.0,50.0,3,4,BaseThermRead
DetectMov,209,R3,R3,50.0,10.0,0,4,DetectMov
AlertSmoke,210,R2,R3,18.0,10.0,3,3,AlertSmoke
BaseThermRead,210,R3,R1,35.0,40.0,2,1,BaseThermRead
ErrorEvt,210,R1,R2,50.0,20.0,4,0,ErrorEvt
AlertSmoke,211,R3,R1,42.0,10.0,1,1,AlertSmoke
BaseThermRead,211,R1,R3,21.0,50.0,4,4,BaseThermRead
ErrorEvt,212,R1,R3,50.0,10.0,0,3,ErrorEvt
BaseThermRead,213,R2,R1,23.0,35.0,3,0,BaseThermRead
ErrorEvt,213,R1,R2,42.0,20.0,2,0,ErrorEvt
BaseThermRead,214,R1,R2,42.0,35.0,1,4,BaseThermRead
DetectMov,214,R1,R1,21.0,40.0,4,0,DetectMov
ErrorEvt,214,R1,R1,23.0,40.0,2,2,ErrorEvt
BaseThermRead,215,R2,R2,35.0,50.0,0,2,BaseThermRead
DetectMov,215,R3,R1,50.0,35.0,3,4,DetectMov
ErrorEvt,215,R1,R3,50.0,50.0,0,0,ErrorEvt
AlertSmoke,216,R2,R1,35.0,35.0,4,2,AlertSmoke
DetectMov,216,R3,R1,21.0,50.0,2,0,DetectMov
ErrorEvt,216,R1,R1,23.0,40.0,2,4,ErrorEvt
AlertSmoke,217,R3,R2,50.0,50.0,4,2,AlertSmoke
BaseThermRead,217,R1,R1,23.0,50.0,0,0,BaseThermRead
DetectMov,217,R1,R1,50.0,50.0,1,0,DetectMov
ErrorEvt,217,R1,R3,35.0,20.0,2,1,ErrorEvt
AlertSmoke,218,R3,R2,42.0,10.0,4,1,AlertSmoke
ErrorEvt,218,R2,R1,21.0,50.0,4,1,ErrorEvt
AlertSmoke,219,R3,R1,35.0,40.0,0,0,AlertSmoke
DetectMov,219,R3,R2,21.0,20.0,2,2,DetectMov
ErrorEvt,219,R2,R3,42.0,20.0,1,3,ErrorEvt
ErrorEvt,221,R2,R1,23.0,35.0,3,1,ErrorEvt
BaseThermRead,222,R3,R1,21.0,20.0,4,3,BaseThermRead
ErrorEvt,223,R3,R2,21.0,40.0,0,1,ErrorEvt
AlertSmoke,224,R1,R1,21.0,50.0,1,4,AlertSmoke
BaseThermRead,224,R3,R1,42.0,50.0,1,3,BaseThermRead
DetectMov,224,R3,R1,35.0,40.0,0,3,DetectMov
AlertSmoke,225,R3,R2,18.0,10.0,4,1,AlertSmoke
BaseThermRead,225,R3,R3,21.0,50.0,1,1,BaseThermRead
DetectMov,225,R3,R1,50.0,35.0,0,1,DetectMov
BaseThermRead,226,R2,R2,18.0,40.0,3,3,BaseThermRead
BaseThermRead,227,R3,R3,23.0,40.0,4,2,BaseThermRead
DetectMov,227,R2,R2,42.0,40.0,4,4,DetectMov
DetectMov,228,R2,R1,50.0,20.0,3,3,DetectMov
ErrorEvt,228,R2,R2,42.0,10.0,0,1,ErrorEvt
BaseThermRead,229,R1,R3,21.0,10.0,0,1,BaseThermRead
DetectMov,229,R2,R2,42.0,35.0,4,1,DetectMov
AlertSmoke,230,R1,R2,42.0,10.0,2,3,AlertSmoke
ErrorEvt,230,R3,R1,21.0,10.0,0,4,ErrorEvt
AlertSmoke,231,R1,R3,35.0,35.0,4,0,AlertSmoke
BaseThermRead,231,R1,R3,50.0,40.0,1,1,BaseThermRead
ErrorEvt,231,R2,R3,23.0,40.0,3,1,ErrorEvt
AlertSmoke,232,R2,R2,18.0,10.0,2,4,AlertSmoke
ErrorEvt,232,R2,R1,23.0,50.0,4,2,ErrorEvt
ErrorEvt,233,R2,R2,21.0,10.0,4,3,ErrorEvt
DetectMov,234,R2,R2,21.0,40.0,4,2,DetectMov
DetectMov,235,R1,R1,23.0,50.0,3,1,DetectMov
ErrorEvt,235,R2,R1,21.0,20.0,3,3,ErrorEvt
BaseThermRead,236,R1,R1,42.0,40.0,0,4,BaseThermRead
ErrorEvt,236,R1,R1,35.0,10.0,2,1,ErrorEvt
AlertSmoke,237,R2,R1,21.0,40.0,0,3,AlertSmoke
BaseThermRead,237,R3,R1,21.0,40.0,0,4,BaseThermRead
ErrorEvt,237,R2,R3,35.0,50.0,4,0,ErrorEvt
AlertSmoke,238,R2,R1,50.0,20.0,1,1,AlertSmoke
BaseThermRead,238,R1,R2,42.0,20.0,4,0,BaseThermRead
ErrorEvt,238,R2,R3,18.0,10.0,4,4,ErrorEvt
AlertSmoke,239,R1,R1,18.0,35.0,4,4,AlertSmoke
BaseThermRead,240,R3,R1,23.0,35.0,2,2,BaseThermRead
DetectMov,240,R3,R3,42.0,20.0,2,1,DetectMov
BaseThermRead,241,R1,R3,18.0,10.0,2,1,BaseThermRead
BaseThermRead,242,R1,R2,50.0,20.0,3,2,BaseThermRead
BaseThermRead,243,R1,R2,18.0,20.0,1,3,BaseThermRead
ErrorEvt,243,R3,R1,35.0,10.0,2,0,ErrorEvt
AlertSmoke,244,R2,R1,18.0,50.0,2,1,AlertSmoke
AlertSmoke,245,R3,R3,42.0,10.0,0,0,AlertSmoke
BaseThermRead,245,R2,R3,18.0,50.0,3,1,BaseThermRead
DetectMov,245,R2,R1,18.0,10.0,1,2,DetectMov
AlertSmoke,246,R2,R1,18.0,50.0,2,4,AlertSmoke
DetectMov,246,R2,R3,23.0,35.0,3,0,DetectMov
AlertSmoke,247,R3,R2,21.0,50.0,4,0,AlertSmoke
BaseThermRead,247,R2,R1,35.0,40.0,3,3,BaseThermRead
BaseThermRead,248,R2,R1,50.0,35.0,2,2,BaseThermRead
DetectMov,248,R2,R3,18.0,35.0,4,4,DetectMov
ErrorEvt,248,R2,R3,35.0,50.0,3,4,ErrorEvt
DetectMov,249,R1,R1,21.0,50.0,3,0,DetectMov
BaseThermRead,250,R3,R2,42.0,40.0,1,0,BaseThermRead
ErrorEvt,250,R2,R3,50.0,50.0,0,4,ErrorEvt
BaseThermRead,251,R2,R2,21.0,40.0,4,1,BaseThermRead
ErrorEvt,251,R2,R2,42.0,10.0,4,1,ErrorEvt
AlertSmoke,252,R3,R3,18.0,50.0,0,1,AlertSmoke
BaseThermRead,252,R1,R1,21.0,50.0,3,4,BaseThermRead
ErrorEvt,252,R2,R1,18.0,10.0,2,4,ErrorEvt
AlertSmoke,253,R2,R3,50.0,40.0,2,4,AlertSmoke
BaseThermRead,253,R3,R1,21.0,10.0,4,1,BaseThermRead
AlertSmoke,254,R1,R3,23.0,50.0,3,1,AlertSmoke
DetectMov,254,R2,R2,50.0,10.0,3,3,DetectMov
BaseThermRead,255,R2,R1,18.0,10.0,3,3,BaseThermRead
DetectMov,255,R1,R3,23.0,20.0,1,4,DetectMov
BaseThermRead,256,R2,R1,50.0,10.0,1,3,BaseThermRead
DetectMov,256,R3,R3,50.0,40.0,4,3,DetectMov
BaseThermRead,257,R2,R2,18.0,20.0,1,0,BaseThermRead
DetectMov,257,R3,R1,42.0,10.0,2,1,DetectMov
ErrorEvt,257,R3,R2,23.0,10.0,2,1,ErrorEvt
DetectMov,258,R3,R3,35.0,40.0,0,3,DetectMov
ErrorEvt,258,R1,R1,50.0,35.0,2,4,ErrorEvt
AlertSmoke,259,R2,R1,35.0,50.0,4,0,AlertSmoke
BaseThermRead,259,R2,R1,21.0,35.0,4,0,BaseThermRead
BaseThermRead,260,R1,R3,18.0,35.0,2,3,BaseThermRead
DetectMov,260,R2,R2,35.0,35.0,1,1,DetectMov
BaseThermRead,261,R2,R1,42.0,35.0,0,2,BaseThermRead
DetectMov,261,R1,R3,42.0,10.0,4,4,DetectMov
BaseThermRead,262,R2,R1,18.0,40.0,0,4,BaseThermRead
DetectMov,262,R1,R2,50.0,40.0,3,1,DetectMov
ErrorEvt,263,R3,R1,35.0,50.0,0,0,ErrorEvt
AlertSmoke,264,R3,R3,21.0,35.0,4,4,AlertSmoke
ErrorEvt,264,R2,R3,35.0,40.0,0,3,ErrorEvt
ErrorEvt,266,R1,R3,42.0,20.0,4,2,ErrorEvt
BaseThermRead,267,R1,R1,18.0,10.0,0,1,BaseThermRead
DetectMov,267,R2,R1,23.0,50.0,2,4,DetectMov
ErrorEvt,268,R2,R1,50.0,50.0,2,1,ErrorEvt
AlertSmoke,269,R3,R2,23.0,20.0,2,1,AlertSmoke
DetectMov,269,R3,R1,50.0,40.0,1,2,DetectMov
ErrorEvt,269,R1,R2,23.0,35.0,4,0,ErrorEvt
AlertSmoke,270,R2,R2,50.0,20.0,4,3,AlertSmoke
DetectMov,270,R1,R2,18.0,20.0,1,1,DetectMov
ErrorEvt,270,R1,R3,35.0,20.0,1,0,ErrorEvt
DetectMov,271,R1,R3,18.0,50.0,1,2,DetectMov
BaseThermRead,272,R1,R2,18.0,20.0,4,2,BaseThermRead
DetectMov,272,R3,R3,42.0,10.0,1,3,DetectMov
BaseThermRead,273,R2,R2,35.0,35.0,0,3,BaseThermRead
DetectMov,273,R1,R2,42.0,35.0,3,0,DetectMov
BaseThermRead,274,R3,R3,35.0,10.0,2,1,BaseThermRead
AlertSmoke,275,R2,R2,23.0,20.0,2,0,AlertSmoke
ErrorEvt,275,R3,R3,50.0,50.0,3,3,ErrorEvt
AlertSmoke,276,R2,R3,21.0,20.0,3,0,AlertSmoke
BaseThermRead,276,R1,R3,35.0,50.0,2,4,BaseThermRead
ErrorEvt,276,R2,R2,42.0,50.0,1,2,ErrorEvt
AlertSmoke,277,R1,R3,18.0,10.0,0,4,AlertSmoke
AlertSmoke,278,R1,R1,23.0,40.0,3,1,AlertSmoke
BaseThermRead,278,R1,R3,50.0,40.0,4,2,BaseThermRead
DetectMov,278,R2,R2,50.0,10.0,4,2,DetectMov
ErrorEvt,278,R2,R1,42.0,35.0,1,3,ErrorEvt
BaseThermRead,279,R2,R2,35.0,20.0,3,3,BaseThermRead
DetectMov,279,R3,R2,23.0,35.0,3,2,DetectMov
ErrorEvt,279,R1,R1,23.0,50.0,4,4,ErrorEvt
AlertSmoke,280,R3,R2,23.0,50.0,0,2,AlertSmoke
BaseThermRead,280,R2,R1,42.0,50.0,3,3,BaseThermRead
AlertSmoke,281,R1,R1,18.0,40.0,0,3,AlertSmoke
BaseThermRead,281,R1,R1,50.0,10.0,3,0,BaseThermRead
AlertSmoke,282,R2,R3,50.0,10.0,4,1,AlertSmoke
BaseThermRead,282,R2,R1,42.0,10.0,4,0,BaseThermRead
AlertSmoke,283,R2,R3,23.0,20.0,0,2,AlertSmoke
AlertSmoke,284,R1,R2,42.0,20.0,3,2,AlertSmoke
BaseThermRead,284,R2,R3,50.0,35.0,2,0,BaseThermRead
DetectMov,284,R3,R1,18.0,10.0,2,3,DetectMov
ErrorEvt,284,R1,R2,21.0,35.0,4,0,ErrorEvt
BaseThermRead,285,R1,R2,18.0,35.0,4,2,BaseThermRead
DetectMov,285,R2,R3,42.0,10.0,0,4,DetectMov
ErrorEvt,285,R3,R1,18.0,40.0,1,4,ErrorEvt
BaseThermRead,286,R2,R1,50.0,20.0,1,0,BaseThermRead
ErrorEvt,286,R2,R1,35.0,40.0,1,4,ErrorEvt
BaseThermRead,287,R3,R1,42.0,10.0,0,1,BaseThermRead
BaseThermRead,288,R1,R1,42.0,50.0,3,4,BaseThermRead
ErrorEvt,288,R1,R1,21.0,20.0,0,0,ErrorEvt
AlertSmoke,289,R2,R3,50.0,10.0,3,1,AlertSmoke
ErrorEvt,289,R1,R2,42.0,10.0,4,3,ErrorEvt
AlertSmoke,290,R2,R2,42.0,20.0,0,0,AlertSmoke
DetectMov,290,R3,R2,35.0,40.0,1,1,DetectMov
ErrorEvt,290,R1,R3,42.0,50.0,0,2,ErrorEvt
AlertSmoke,291,R1,R1,21.0,40.0,3,2,AlertSmoke
DetectMov,291,R3,R1,18.0,50.0,2,1,DetectMov
ErrorEvt,291,R1,R1,21.0,35.0,2,1,ErrorEvt
DetectMov,292,R1,R1,21.0,50.0,1,3,DetectMov
AlertSmoke,293,R2,R2,50.0,35.0,3,0,AlertSmoke
BaseThermRead,293,R2,R3,21.0,40.0,1,4,BaseThermRead
DetectMov,293,R2,R1,42.0,10.0,1,1,DetectMov
ErrorEvt,293,R3,R3,18.0,20.0,3,4,ErrorEvt
AlertSmoke,294,R2,R3,18.0,40.0,3,2,AlertSmoke
BaseThermRead,294,R1,R1,42.0,10.0,0,1,BaseThermRead
AlertSmoke,295,R3,R3,21.0,40.0,2,0,AlertSmoke
BaseThermRead,295,R1,R1,35.0,40.0,1,4,BaseThermRead
ErrorEvt,295,R2,R1,18.0,50.0,2,1,ErrorEvt
AlertSmoke,296,R3,R1,42.0,20.0,4,1,AlertSmoke
BaseThermRead,296,R3,R2,50.0,35.0,3,4,BaseThermRead
ErrorEvt,296,R2,R2,23.0,10.0,3,2,ErrorEvt
ErrorEvt,297,R1,R2,23.0,20.0,2,3,ErrorEvt
AlertSmoke,298,R1,R3,23.0,40.0,3,3,AlertSmoke
BaseThermRead,298,R1,R2,42.0,40.0,3,1,BaseThermRead
DetectMov,298,R1,R1,18.0,40.0,0,4,DetectMov
ErrorEvt,298,R2,R2,50.0,10.0,4,0,ErrorEvt
BaseThermRead,299,R3,R1,35.0,35.0,0,2,BaseThermRead
DetectMov,299,R3,R3,21.0,10.0,4,4,DetectMov
ErrorEvt,299,R2,R2,18.0,50.0,3,0,ErrorEvt
BaseThermRead,300,R1,R2,18.0,50.0,2,3,BaseThermRead
ErrorEvt,300,R2,R1,23.0,10.0,1,2,ErrorEvt
BaseThermRead,301,R3,R3,21.0,20.0,2,0,BaseThermRead
ErrorEvt,301,R3,R2,35.0,20.0,4,3,ErrorEvt
BaseThermRead,302,R1,R2,35.0,10.0,2,1,BaseThermRead
ErrorEvt,302,R1,R2,23.0,20.0,0,0,ErrorEvt
AlertSmoke,303,R3,R1,35.0,10.0,3,2,AlertSmoke
BaseThermRead,303,R1,R3,21.0,20.0,4,3,BaseThermRead
ErrorEvt,303,R2,R1,18.0,35.0,4,3,ErrorEvt
DetectMov,304,R2,R2,21.0,20.0,3,1,DetectMov
AlertSmoke,305,R3,R3,23.0,20.0,1,2,AlertSmoke
ErrorEvt,305,R3,R1,18.0,20.0,1,3,ErrorEvt
AlertSmoke,306,R1,R2,42.0,50.0,3,4,AlertSmoke
DetectMov,306,R3,R2,18.0,50.0,1,4,DetectMov
ErrorEvt,306,R2,R3,18.0,35.0,4,3,ErrorEvt
AlertSmoke,307,R2,R2,50.0,40.0,2,4,AlertSmoke
BaseThermRead,308,R2,R2,21.0,50.0,3,3,BaseThermRead
DetectMov,308,R2,R3,50.0,40.0,1,3,DetectMov
BaseThermRead,310,R2,R3,18.0,35.0,0,1,BaseThermRead
BaseThermRead,311,R1,R3,21.0,35.0,4,4,BaseThermRead
ErrorEvt,311,R1,R1,21.0,40.0,4,3,ErrorEvt
AlertSmoke,312,R1,R3,50.0,40.0,2,4,AlertSmoke
BaseThermRead,312,R3,R2,18.0,20.0,1,2,BaseThermRead
DetectMov,313,R1,R2,21.0,10.0,2,1,DetectMov
BaseThermRead,314,R2,R1,23.0,40.0,1,2,BaseThermRead
DetectMov,314,R3,R2,42.0,35.0,3,3,DetectMov
BaseThermRead,315,R1,R2,23.0,40.0,3,0,BaseThermRead
BaseThermRead,316,R1,R2,50.0,35.0,3,2,BaseThermRead
DetectMov,316,R1,R2,35.0,35.0,1,2,DetectMov
ErrorEvt,316,R3,R3,42.0,50.0,0,1,ErrorEvt
AlertSmoke,317,R3,R1,50.0,50.0,1,0,AlertSmoke
BaseThermRead,317,R2,R2,35.0,40.0,4,4,BaseThermRead
DetectMov,317,R2,R3,18.0,40.0,2,0,DetectMov
ErrorEvt,317,R2,R3,35.0,40.0,3,0,ErrorEvt
BaseThermRead,318,R2,R2,23.0,10.0,3,2,BaseThermRead
ErrorEvt,318,R2,R1,23.0,20.0,3,0,ErrorEvt
AlertSmoke,319,R3,R3,23.0,20.0,0,0,AlertSmoke
BaseThermRead,319,R2,R3,21.0,50.0,0,0,BaseThermRead
ErrorEvt,319,R1,R2,35.0,20.0,2,1,ErrorEvt
AlertSmoke,320,R2,R1,23.0,35.0,3,4,AlertSmoke
BaseThermRead,320,R3,R3,21.0,50.0,0,1,BaseThermRead
AlertSmoke,321,R2,R1,50.0,10.0,0,3,AlertSmoke
BaseThermRead,321,R1,R1,35.0,35.0,2,4,BaseThermRead
ErrorEvt,321,R2,R2,18.0,10.0,1,3,ErrorEvt
AlertSmoke,322,R3,R3,50.0,20.0,1,3,AlertSmoke
BaseThermRead,322,R2,R1,21.0,10.0,2,3,BaseThermRead
DetectMov,322,R2,R3,23.0,35.0,1,3,DetectMov
ErrorEvt,322,R1,R3,35.0,10.0,3,1,ErrorEvt
BaseThermRead,323,R1,R3,42.0,10.0,3,2,BaseThermRead
ErrorEvt,323,R3,R1,50.0,40.0,2,4,ErrorEvt
BaseThermRead,324,R1,R3,35.0,40.0,2,2,BaseThermRead
DetectMov,324,R2,R3,42.0,40.0,1,4,DetectMov
BaseThermRead,325,R1,R2,18.0,20.0,4,1,BaseThermRead
ErrorEvt,325,R1,R2,21.0,10.0,2,4,ErrorEvt
BaseThermRead,326,R3,R2,42.0,35.0,4,1,BaseThermRead
ErrorEvt,326,R1,R1,35.0,10.0,2,1,ErrorEvt
AlertSmoke,327,R1,R3,42.0,20.0,1,1,AlertSmoke
BaseThermRead,327,R1,R1,18.0,10.0,3,0,BaseThermRead
ErrorEvt,327,R2,R1,21.0,35.0,4,4,ErrorEvt
AlertSmoke,328,R1,R3,21.0,20.0,0,4,AlertSmoke
ErrorEvt,328,R2,R1,18.0,40.0,2,2,ErrorEvt
BaseThermRead,329,R2,R3,50.0,50.0,4,3,BaseThermRead
DetectMov,329,R1,R2,23.0,35.0,3,0,DetectMov
ErrorEvt,329,R2,R3,42.0,40.0,1,4,ErrorEvt
AlertSmoke,330,R2,R2,23.0,50.0,3,4,AlertSmoke
BaseThermRead,330,R3,R3,21.0,35.0,1,0,BaseThermRead
ErrorEvt,330,R2,R1,42.0,10.0,3,1,ErrorEvt
AlertSmoke,331,R3,R2,50.0,10.0,4,2,AlertSmoke
BaseThermRead,331,R3,R1,35.0,35.0,3,3,BaseThermRead
ErrorEvt,331,R2,R3,50.0,10.0,0,0,ErrorEvt
AlertSmoke,332,R1,R1,23.0,10.0,3,0,AlertSmoke
BaseThermRead,332,R2,R2,23.0,50.0,1,4,BaseThermRead
ErrorEvt,332,R2,R1,42.0,50.0,1,2,ErrorEvt
AlertSmoke,333,R3,R1,18.0,40.0,3,2,AlertSmoke
BaseThermRead,333,R1,R3,18.0,40.0,3,1,BaseThermRead
ErrorEvt,333,R3,R1,18.0,40.0,2,0,ErrorEvt
AlertSmoke,334,R3,R3,18.0,20.0,3,3,AlertSmoke
DetectMov,334,R3,R1,50.0,40.0,0,3,DetectMov
BaseThermRead,335,R3,R3,23.0,10.0,2,4,BaseThermRead
ErrorEvt,338,R2,R2,35.0,10.0,0,2,ErrorEvt
AlertSmoke,339,R2,R3,18.0,20.0,1,0,AlertSmoke
DetectMov,339,R2,R3,42.0,40.0,0,3,DetectMov
AlertSmoke,340,R3,R2,42.0,50.0,3,3,AlertSmoke
BaseThermRead,340,R3,R1,35.0,20.0,2,2,BaseThermRead
AlertSmoke,341,R3,R2,21.0,35.0,2,4,AlertSmoke
BaseThermRead,341,R2,R3,18.0,35.0,0,4,BaseThermRead
DetectMov,341,R3,R3,50.0,35.0,4,2,DetectMov
AlertSmoke,342,R2,R2,50.0,50.0,2,2,AlertSmoke
DetectMov,342,R1,R1,50.0,20.0,3,3,DetectMov
AlertSmoke,343,R1,R3,21.0,20.0,3,4,AlertSmoke
BaseThermRead,343,R3,R2,21.0,35.0,2,1,BaseThermRead
ErrorEvt,343,R3,R2,50.0,50.0,4,3,ErrorEvt
AlertSmoke,344,R3,R1,42.0,20.0,4,0,AlertSmoke
DetectMov,344,R3,R3,21.0,40.0,2,2,DetectMov
BaseThermRead,345,R2,R2,18.0,35.0,1,0,BaseThermRead
ErrorEvt,345,R2,R1,42.0,10.0,3,0,ErrorEvt
BaseThermRead,346,R2,R3,35.0,50.0,2,0,BaseThermRead
ErrorEvt,346,R3,R3,35.0,10.0,4,2,ErrorEvt
BaseThermRead,347,R2,R2,35.0,10.0,3,1,BaseThermRead
BaseThermRead,348,R3,R1,50.0,50.0,0,0,BaseThermRead
AlertSmoke,349,R3,R1,23.0,10.0,0,4,AlertSmoke
BaseThermRead,349,R2,R3,18.0,40.0,2,3,BaseThermRead
DetectMov,349,R2,R2,50.0,35.0,2,0,DetectMov
AlertSmoke,351,R3,R1,50.0,50.0,0,2,AlertSmoke
BaseThermRead,351,R2,R2,42.0,50.0,0,1,BaseThermRead
DetectMov,351,R3,R1,21.0,40.0,0,0,DetectMov
ErrorEvt,351,R2,R2,21.0,40.0,2,0,ErrorEvt
AlertSmoke,352,R1,R1,18.0,35.0,4,3,AlertSmoke
BaseThermRead,352,R2,R1,21.0,20.0,1,3,BaseThermRead
DetectMov,352,R2,R2,42.0,35.0,3,1,DetectMov
AlertSmoke,353,R3,R2,18.0,10.0,3,2,AlertSmoke
DetectMov,353,R1,R3,42.0,40.0,3,4,DetectMov
ErrorEvt,353,R1,R3,42.0,20.0,4,3,ErrorEvt
BaseThermRead,354,R3,R1,21.0,40.0,0,1,BaseThermRead
DetectMov,354,R2,R1,42.0,10.0,2,0,DetectMov
ErrorEvt,354,R1,R3,18.0,10.0,2,1,ErrorEvt
BaseThermRead,355,R2,R1,50.0,20.0,1,0,BaseThermRead
DetectMov,355,R2,R1,50.0,10.0,0,2,DetectMov
ErrorEvt,355,R2,R2,23.0,40.0,1,0,ErrorEvt
ErrorEvt,356,R2,R1,50.0,35.0,3,1,ErrorEvt
DetectMov,357,R2,R3,42.0,10.0,3,4,DetectMov
ErrorEvt,357,R3,R2,42.0,40.0,1,4,ErrorEvt
AlertSmoke,358,R1,R3,35.0,50.0,2,1,AlertSmoke
DetectMov,358,R1,R3,42.0,35.0,1,2,DetectMov
ErrorEvt,358,R3,R1,50.0,35.0,4,0,ErrorEvt
DetectMov,359,R2,R3,42.0,40.0,3,2,DetectMov
ErrorEvt,359,R2,R1,50.0,50.0,3,0,ErrorEvt
AlertSmoke,360,R1,R1,21.0,35.0,0,1,AlertSmoke
BaseThermRead,360,R1,R3,21.0,40.0,0,3,BaseThermRead
DetectMov,360,R3,R1,42.0,35.0,1,2,DetectMov
ErrorEvt,360,R3,R2,18.0,40.0,4,4,ErrorEvt
AlertSmoke,361,R3,R3,35.0,50.0,2,1,AlertSmoke
DetectMov,361,R1,R1,42.0,50.0,1,1,DetectMov
BaseThermRead,362,R1,R1,23.0,10.0,1,0,BaseThermRead
ErrorEvt,362,R3,R3,21.0,50.0,0,0,ErrorEvt
BaseThermRead,363,R2,R1,35.0,35.0,4,0,BaseThermRead
BaseThermRead,364,R1,R2,21.0,40.0,1,0,BaseThermRead
BaseThermRead,365,R3,R2,18.0,35.0,3,0,BaseThermRead
AlertSmoke,366,R1,R2,42.0,50.0,3,3,AlertSmoke
BaseThermRead,366,R3,R3,35.0,50.0,3,3,BaseThermRead
DetectMov,366,R2,R1,35.0,35.0,4,1,DetectMov
AlertSmoke,367,R2,R3,18.0,40.0,3,2,AlertSmoke
ErrorEvt,367,R1,R1,18.0,40.0,2,4,ErrorEvt
AlertSmoke,368,R1,R1,50.0,35.0,3,4,AlertSmoke
BaseThermRead,371,R3,R2,35.0,20.0,4,3,BaseThermRead
DetectMov,371,R1,R1,35.0,40.0,2,1,DetectMov
DetectMov,372,R3,R3,42.0,20.0,3,4,DetectMov
ErrorEvt,372,R3,R1,50.0,35.0,0,3,ErrorEvt
AlertSmoke,373,R3,R2,50.0,40.0,0,2,AlertSmoke
BaseThermRead,373,R1,R3,23.0,20.0,2,1,BaseThermRead
DetectMov,373,R3,R1,21.0,20.0,0,4,DetectMov
ErrorEvt,373,R2,R2,23.0,35.0,0,2,ErrorEvt
AlertSmoke,374,R3,R3,18.0,50.0,2,4,AlertSmoke
BaseThermRead,374,R2,R1,21.0,10.0,4,0,BaseThermRead
DetectMov,374,R2,R3,21.0,20.0,2,3,DetectMov
AlertSmoke,375,R1,R2,42.0,20.0,3,3,AlertSmoke
AlertSmoke,376,R1,R2,21.0,20.0,3,4,AlertSmoke
BaseThermRead,376,R3,R1,18.0,50.0,0,1,BaseThermRead
AlertSmoke,377,R1,R2,50.0,40.0,2,3,AlertSmoke
BaseThermRead,377,R2,R3,50.0,35.0,4,2,BaseThermRead
AlertSmoke,378,R2,R2,21.0,10.0,4,0,AlertSmoke
BaseThermRead,378,R2,R3,42.0,40.0,2,1,BaseThermRead
ErrorEvt,378,R3,R2,35.0,40.0,1,1,ErrorEvt
DetectMov,379,R1,R1,23.0,10.0,2,0,DetectMov
ErrorEvt,379,R2,R3,21.0,40.0,0,1,ErrorEvt
ErrorEvt,380,R1,R3,35.0,40.0,4,4,ErrorEvt
ErrorEvt,382,R1,R1,21.0,40.0,1,4,ErrorEvt
AlertSmoke,383,R1,R3,18.0,50.0,3,2,AlertSmoke
BaseThermRead,383,R3,R1,23.0,40.0,4,4,BaseThermRead
AlertSmoke,384,R1,R1,23.0,10.0,3,3,AlertSmoke
BaseThermRead,384,R3,R2,42.0,35.0,4,2,BaseThermRead
DetectMov,384,R2,R2,35.0,10.0,0,3,DetectMov
ErrorEvt,384,R3,R2,18.0,20.0,3,2,ErrorEvt
AlertSmoke,385,R1,R2,35.0,35.0,3,4,AlertSmoke
BaseThermRead,385,R2,R2,23.0,20.0,0,4,BaseThermRead
DetectMov,385,R1,R2,50.0,10.0,2,1,DetectMov
AlertSmoke,386,R2,R3,21.0,20.0,3,3,AlertSmoke
AlertSmoke,387,R1,R3,50.0,40.0,4,2,AlertSmoke
DetectMov,387,R3,R1,42.0,35.0,2,0,DetectMov
AlertSmoke,388,R3,R1,21.0,20.0,2,4,AlertSmoke
ErrorEvt,389,R2,R3,42.0,20.0,4,1,ErrorEvt
BaseThermRead,390,R1,R3,23.0,20.0,2,3,BaseThermRead
ErrorEvt,390,R2,R3,23.0,35.0,2,4,ErrorEvt
BaseThermRead,391,R2,R1,35.0,35.0,4,1,BaseThermRead
ErrorEvt,391,R1,R2,35.0,35.0,4,2,ErrorEvt
DetectMov,392,R3,R1,18.0,40.0,1,1,DetectMov
AlertSmoke,393,R3,R1,18.0,40.0,4,0,AlertSmoke
ErrorEvt,393,R3,R3,50.0,10.0,0,0,ErrorEvt
AlertSmoke,394,R3,R3,21.0,10.0,3,3,AlertSmoke
ErrorEvt,394,R1,R1,50.0,35.0,4,1,ErrorEvt
AlertSmoke,395,R2,R1,18.0,10.0,1,3,AlertSmoke
ErrorEvt,395,R3,R2,21.0,35.0,2,0,ErrorEvt
AlertSmoke,396,R3,R2,18.0,35.0,2,4,AlertSmoke
BaseThermRead,396,R3,R3,35.0,50.0,0,0,BaseThermRead
DetectMov,397,R2,R2,21.0,10.0,2,3,DetectMov
ErrorEvt,397,R2,R1,23.0,10.0,2,2,ErrorEvt
AlertSmoke,398,R1,R1,23.0,35.0,2,2,AlertSmoke
BaseThermRead,398,R2,R3,42.0,35.0,0,1,BaseThermRead
DetectMov,398,R1,R1,42.0,35.0,2,0,DetectMov
DetectMov,399,R1,R1,18.0,35.0,0,2,DetectMov
ErrorEvt,399,R2,R1,18.0,35.0,0,1,ErrorEvt
AlertSmoke,400,R2,R1,42.0,50.0,1,3,AlertSmoke
BaseThermRead,400,R2,R1,18.0,35.0,4,1,BaseThermRead
DetectMov,400,R2,R1,42.0,50.0,1,2,DetectMov
ErrorEvt,400,R1,R3,42.0,40.0,0,3,ErrorEvt
AlertSmoke,401,R3,R1,21.0,50.0,0,0,AlertSmoke
BaseThermRead,401,R3,R2,18.0,40.0,3,4,BaseThermRead
DetectMov,401,R2,R3,50.0,20.0,2,4,DetectMov
BaseThermRead,402,R1,R2,23.0,50.0,2,3,BaseThermRead
DetectMov,402,R1,R2,50.0,20.0,0,4,DetectMov
ErrorEvt,402,R1,R1,35.0,10.0,4,4,ErrorEvt
AlertSmoke,403,R3,R2,35.0,10.0,3,3,AlertSmoke
DetectMov,403,R1,R3,35.0,40.0,2,3,DetectMov
ErrorEvt,403,R3,R1,50.0,50.0,2,2,ErrorEvt
BaseThermRead,404,R2,R3,50.0,10.0,4,3,BaseThermRead
DetectMov,404,R2,R1,50.0,20.0,0,0,DetectMov
ErrorEvt,404,R2,R2,18.0,20.0,1,0,ErrorEvt
AlertSmoke,405,R3,R3,35.0,50.0,1,3,AlertSmoke
BaseThermRead,405,R2,R1,18.0,35.0,0,4,BaseThermRead
DetectMov,405,R1,R2,50.0,20.0,2,4,DetectMov
BaseThermRead,406,R1,R1,21.0,35.0,3,2,BaseThermRead
BaseThermRead,407,R1,R1,42.0,35.0,4,3,BaseThermRead
BaseThermRead,408,R3,R1,35.0,35.0,4,0,BaseThermRead
ErrorEvt,409,R3,R1,18.0,50.0,3,3,ErrorEvt
AlertSmoke,410,R1,R2,23.0,35.0,0,3,AlertSmoke
DetectMov,410,R1,R1,21.0,50.0,1,2,DetectMov
ErrorEvt,410,R2,R2,42.0,40.0,3,0,ErrorEvt
DetectMov,411,R1,R3,35.0,20.0,3,0,DetectMov
ErrorEvt,411,R3,R1,35.0,20.0,1,2,ErrorEvt
DetectMov,412,R2,R2,50.0,50.0,2,1,DetectMov
BaseThermRead,413,R2,R1,35.0,20.0,2,2,BaseThermRead
AlertSmoke,415,R3,R3,50.0,50.0,1,2,AlertSmoke
ErrorEvt,416,R1,R1,23.0,10.0,3,2,ErrorEvt
DetectMov,417,R1,R3,18.0,20.0,3,1,DetectMov
BaseThermRead,418,R1,R1,21.0,50.0,0,3,BaseThermRead
ErrorEvt,418,R3,R3,50.0,50.0,2,2,ErrorEvt
BaseThermRead,419,R2,R2,18.0,40.0,1,3,BaseThermRead
DetectMov,419,R3,R1,50.0,35.0,4,4,DetectMov
ErrorEvt,419,R3,R3,23.0,40.0,3,3,ErrorEvt
AlertSmoke,420,R2,R2,42.0,40.0,4,2,AlertSmoke
BaseThermRead,420,R1,R2,21.0,50.0,3,4,BaseThermRead
DetectMov,420,R1,R3,42.0,50.0,1,1,DetectMov
AlertSmoke,421,R2,R3,35.0,35.0,4,2,AlertSmoke
BaseThermRead,421,R2,R2,18.0,10.0,0,3,BaseThermRead
AlertSmoke,422,R1,R1,42.0,35.0,4,0,AlertSmoke
BaseThermRead,422,R1,R1,23.0,40.0,3,0,BaseThermRead
AlertSmoke,423,R2,R2,23.0,40.0,4,1,AlertSmoke
BaseThermRead,423,R3,R2,42.0,20.0,2,1,BaseThermRead
ErrorEvt,424,R1,R1,42.0,20.0,3,0,ErrorEvt
BaseThermRead,425,R1,R1,50.0,50.0,0,4,BaseThermRead
DetectMov,425,R3,R3,18.0,50.0,2,1,DetectMov
ErrorEvt,426,R1,R1,21.0,20.0,0,3,ErrorEvt
ErrorEvt,427,R3,R2,50.0,20.0,3,0,ErrorEvt
AlertSmoke,428,R3,R2,21.0,40.0,2,2,AlertSmoke
ErrorEvt,428,R3,R2,50.0,35.0,0,4,ErrorEvt
AlertSmoke,429,R2,R2,21.0,20.0,3,0,AlertSmoke
BaseThermRead,430,R1,R3,18.0,20.0,1,3,BaseThermRead
DetectMov,430,R1,R1,50.0,40.0,3,3,DetectMov
AlertSmoke,431,R3,R1,18.0,35.0,4,0,AlertSmoke
DetectMov,431,R2,R1,18.0,35.0,0,3,DetectMov
AlertSmoke,432,R2,R2,23.0,35.0,1,0,AlertSmoke
DetectMov,432,R3,R1,50.0,35.0,2,4,DetectMov
DetectMov,433,R2,R2,21.0,10.0,1,1,DetectMov
ErrorEvt,433,R1,R1,18.0,35.0,4,4,ErrorEvt
DetectMov,434,R3,R1,35.0,20.0,0,2,DetectMov
BaseThermRead,435,R2,R2,23.0,40.0,4,1,BaseThermRead
ErrorEvt,435,R3,R2,42.0,50.0,2,4,ErrorEvt
BaseThermRead,436,R3,R2,23.0,50.0,1,4,BaseThermRead
DetectMov,436,R2,R1,18.0,40.0,0,0,DetectMov
ErrorEvt,436,R1,R2,21.0,50.0,3,2,ErrorEvt
AlertSmoke,437,R3,R1,35.0,35.0,1,2,AlertSmoke
DetectMov,437,R1,R2,18.0,20.0,3,2,DetectMov
AlertSmoke,438,R1,R2,42.0,50.0,0,4,AlertSmoke
DetectMov,438,R1,R2,23.0,35.0,4,1,DetectMov
ErrorEvt,438,R2,R1,23.0,20.0,0,0,ErrorEvt
AlertSmoke,440,R3,R2,42.0,50.0,3,1,AlertSmoke
ErrorEvt,440,R1,R2,35.0,35.0,3,4,ErrorEvt
AlertSmoke,441,R3,R3,23.0,40.0,1,4,AlertSmoke
BaseThermRead,441,R2,R3,42.0,35.0,2,4,BaseThermRead
AlertSmoke,442,R2,R3,50.0,50.0,1,1,AlertSmoke
ErrorEvt,442,R2,R3,42.0,50.0,2,4,ErrorEvt
AlertSmoke,443,R3,R2,21.0,40.0,1,4,AlertSmoke
DetectMov,443,R2,R2,42.0,40.0,3,3,DetectMov
ErrorEvt,443,R1,R3,35.0,10.0,4,3,ErrorEvt
AlertSmoke,444,R2,R1,42.0,20.0,4,2,AlertSmoke
AlertSmoke,445,R3,R3,21.0,35.0,3,0,AlertSmoke
DetectMov,445,R2,R2,21.0,40.0,2,4,DetectMov
ErrorEvt,445,R2,R1,21.0,50.0,0,3,ErrorEvt
AlertSmoke,446,R2,R3,23.0,20.0,3,0,AlertSmoke
BaseThermRead,446,R1,R2,18.0,40.0,2,1,BaseThermRead
ErrorEvt,446,R3,R1,21.0,20.0,4,1,ErrorEvt
AlertSmoke,447,R3,R1,50.0,20.0,4,0,AlertSmoke
DetectMov,447,R3,R2,42.0,35.0,4,0,DetectMov
BaseThermRead,448,R1,R1,18.0,40.0,0,4,BaseThermRead
ErrorEvt,448,R3,R1,35.0,40.0,1,2,ErrorEvt
ErrorEvt,449,R1,R3,21.0,50.0,0,4,ErrorEvt
BaseThermRead,450,R1,R2,21.0,10.0,2,3,BaseThermRead
ErrorEvt,450,R2,R3,23.0,20.0,0,2,ErrorEvt
BaseThermRead,451,R2,R3,50.0,10.0,1,3,BaseThermRead
AlertSmoke,452,R3,R3,23.0,10.0,0,1,AlertSmoke
BaseThermRead,452,R2,R1,21.0,35.0,2,2,BaseThermRead
DetectMov,452,R1,R2,35.0,50.0,3,0,DetectMov
AlertSmoke,453,R3,R1,21.0,50.0,2,1,AlertSmoke
BaseThermRead,453,R1,R3,23.0,10.0,1,1,BaseThermRead
AlertSmoke,454,R3,R2,23.0,35.0,3,3,AlertSmoke
BaseThermRead,454,R2,R1,42.0,20.0,1,3,BaseThermRead
AlertSmoke,455,R3,R1,42.0,35.0,2,4,AlertSmoke
BaseThermRead,455,R1,R3,23.0,50.0,1,1,BaseThermRead
ErrorEvt,455,R3,R3,35.0,10.0,2,4,ErrorEvt
AlertSmoke,456,R3,R3,23.0,10.0,4,0,AlertSmoke
ErrorEvt,456,R1,R2,18.0,40.0,0,1,ErrorEvt
DetectMov,457,R3,R2,42.0,35.0,1,1,DetectMov
ErrorEvt,457,R1,R1,35.0,40.0,3,3,ErrorEvt
DetectMov,458,R1,R3,21.0,20.0,3,1,DetectMov
ErrorEvt,458,R3,R1,18.0,50.0,4,3,ErrorEvt
BaseThermRead,460,R2,R3,42.0,40.0,4,1,BaseThermRead
AlertSmoke,461,R2,R3,23.0,10.0,4,2,AlertSmoke
BaseThermRead,461,R2,R2,18.0,10.0,4,3,BaseThermRead
AlertSmoke,462,R3,R2,50.0,50.0,0,4,AlertSmoke
BaseThermRead,463,R1,R3,21.0,35.0,4,3,BaseThermRead
DetectMov,463,R1,R3,35.0,20.0,0,2,DetectMov
ErrorEvt,463,R3,R3,50.0,50.0,1,0,ErrorEvt
BaseThermRead,465,R1,R2,42.0,40.0,2,3,BaseThermRead
DetectMov,465,R1,R3,18.0,35.0,1,1,DetectMov
ErrorEvt,465,R3,R1,18.0,35.0,1,0,ErrorEvt
AlertSmoke,467,R2,R3,18.0,40.0,3,3,AlertSmoke
BaseThermRead,470,R2,R1,18.0,40.0,2,1,BaseThermRead
DetectMov,470,R1,R2,42.0,10.0,3,4,DetectMov
ErrorEvt,470,R2,R1,21.0,20.0,3,0,ErrorEvt
DetectMov,471,R1,R1,50.0,40.0,1,1,DetectMov
ErrorEvt,471,R2,R1,23.0,20.0,3,3,ErrorEvt
AlertSmoke,472,R2,R3,50.0,40.0,2,4,AlertSmoke
ErrorEvt,472,R1,R2,50.0,20.0,1,1,ErrorEvt
AlertSmoke,473,R3,R1,50.0,50.0,1,3,AlertSmoke
ErrorEvt,474,R2,R1,35.0,10.0,2,3,ErrorEvt
BaseThermRead,475,R2,R1,23.0,50.0,1,2,BaseThermRead
DetectMov,476,R1,R3,23.0,50.0,2,4,DetectMov
BaseThermRead,477,R3,R3,21.0,40.0,2,3,BaseThermRead
DetectMov,477,R1,R1,50.0,50.0,3,4,DetectMov
AlertSmoke,478,R2,R3,23.0,40.0,0,2,AlertSmoke
BaseThermRead,478,R3,R2,50.0,20.0,4,0,BaseThermRead
DetectMov,478,R1,R2,21.0,50.0,2,2,DetectMov
AlertSmoke,479,R2,R1,42.0,40.0,2,0,AlertSmoke
DetectMov,479,R2,R2,21.0,40.0,0,1,DetectMov
ErrorEvt,479,R1,R3,50.0,35.0,0,1,ErrorEvt
AlertSmoke,480,R3,R2,23.0,20.0,4,4,AlertSmoke
DetectMov,480,R2,R3,35.0,35.0,4,2,DetectMov
DetectMov,481,R3,R2,18.0,40.0,1,1,DetectMov
ErrorEvt,481,R2,R3,50.0,50.0,3,1,ErrorEvt
AlertSmoke,482,R1,R1,18.0,10.0,3,1,AlertSmoke
ErrorEvt,482,R2,R3,23.0,10.0,1,4,ErrorEvt
BaseThermRead,483,R3,R2,42.0,35.0,4,2,BaseThermRead
DetectMov,483,R3,R3,35.0,20.0,3,2,DetectMov
ErrorEvt,483,R2,R3,18.0,50.0,3,2,ErrorEvt
AlertSmoke,484,R3,R1,21.0,20.0,4,4,AlertSmoke
DetectMov,484,R3,R1,18.0,40.0,0,4,DetectMov
ErrorEvt,484,R3,R2,21.0,10.0,4,1,ErrorEvt
AlertSmoke,485,R3,R1,21.0,10.0,2,1,AlertSmoke
BaseThermRead,485,R3,R3,23.0,10.0,3,4,BaseThermRead
AlertSmoke,486,R1,R2,18.0,50.0,0,3,AlertSmoke
BaseThermRead,486,R2,R2,23.0,50.0,1,1,BaseThermRead
ErrorEvt,486,R1,R3,18.0,50.0,3,2,ErrorEvt
BaseThermRead,487,R3,R1,42.0,40.0,0,2,BaseThermRead
ErrorEvt,487,R2,R1,23.0,10.0,0,4,ErrorEvt
AlertSmoke,488,R2,R2,42.0,40.0,1,0,AlertSmoke
ErrorEvt,488,R2,R2,42.0,40.0,2,4,ErrorEvt
DetectMov,489,R1,R1,18.0,35.0,1,4,DetectMov
AlertSmoke,490,R2,R2,50.0,50.0,3,2,AlertSmoke
AlertSmoke,491,R3,R2,21.0,35.0,1,3,AlertSmoke
AlertSmoke,492,R3,R3,21.0,40.0,2,3,AlertSmoke
BaseThermRead,492,R1,R2,50.0,40.0,1,4,BaseThermRead
AlertSmoke,493,R2,R2,21.0,35.0,1,3,AlertSmoke
ErrorEvt,493,R2,R1,35.0,40.0,4,3,ErrorEvt
AlertSmoke,494,R3,R1,42.0,20.0,4,4,AlertSmoke
BaseThermRead,494,R2,R1,35.0,50.0,4,2,BaseThermRead
DetectMov,494,R2,R2,50.0,50.0,4,2,DetectMov
ErrorEvt,494,R1,R2,23.0,10.0,4,0,ErrorEvt
AlertSmoke,495,R3,R3,23.0,40.0,3,4,AlertSmoke
BaseThermRead,495,R3,R1,42.0,40.0,1,1,BaseThermRead
DetectMov,495,R1,R1,21.0,10.0,4,4,DetectMov
DetectMov,496,R1,R1,23.0,35.0,0,0,DetectMov
ErrorEvt,499,R2,R1,18.0,50.0,2,0,ErrorEvt
AlertSmoke,500,R1,R3,42.0,35.0,1,1,AlertSmoke
BaseThermRead,500,R3,R1,18.0,10.0,4,4,BaseThermRead
ErrorEvt,500,R3,R2,35.0,20.0,2,2,ErrorEvt
AlertSmoke,501,R1,R2,21.0,20.0,1,0,AlertSmoke
BaseThermRead,501,R2,R3,42.0,35.0,3,2,BaseThermRead
DetectMov,501,R1,R2,23.0,10.0,3,1,DetectMov
ErrorEvt,501,R2,R3,50.0,10.0,4,0,ErrorEvt
BaseThermRead,502,R2,R2,50.0,35.0,1,2,BaseThermRead
ErrorEvt,502,R1,R2,42.0,40.0,1,3,ErrorEvt
AlertSmoke,503,R2,R1,18.0,20.0,4,1,AlertSmoke
BaseThermRead,503,R1,R1,35.0,35.0,3,1,BaseThermRead
DetectMov,503,R1,R1,21.0,20.0,4,3,DetectMov
ErrorEvt,503,R1,R2,23.0,50.0,3,4,ErrorEvt
AlertSmoke,504,R3,R3,42.0,40.0,2,0,AlertSmoke
BaseThermRead,504,R2,R3,21.0,35.0,4,4,BaseThermRead
ErrorEvt,504,R3,R3,21.0,35.0,0,4,ErrorEvt
AlertSmoke,505,R2,R1,35.0,35.0,1,3,AlertSmoke
BaseThermRead,505,R3,R1,21.0,35.0,2,2,BaseThermRead
ErrorEvt,505,R1,R2,23.0,40.0,0,1,ErrorEvt
AlertSmoke,506,R2,R1,18.0,20.0,0,2,AlertSmoke
BaseThermRead,506,R1,R3,21.0,10.0,1,3,BaseThermRead
ErrorEvt,506,R3,R2,18.0,35.0,1,2,ErrorEvt
BaseThermRead,507,R1,R2,21.0,20.0,0,3,BaseThermRead
ErrorEvt,507,R2,R2,18.0,40.0,2,0,ErrorEvt
AlertSmoke,508,R2,R3,23.0,20.0,1,2,AlertSmoke
BaseThermRead,508,R3,R1,23.0,40.0,3,4,BaseThermRead
DetectMov,508,R1,R3,23.0,10.0,1,4,DetectMov
AlertSmoke,509,R2,R3,50.0,50.0,4,0,AlertSmoke
DetectMov,509,R1,R1,50.0,20.0,1,4,DetectMov
ErrorEvt,509,R3,R1,42.0,20.0,2,2,ErrorEvt
AlertSmoke,510,R2,R3,35.0,35.0,4,1,AlertSmoke
DetectMov,510,R1,R1,42.0,20.0,1,2,DetectMov
ErrorEvt,510,R2,R3,42.0,35.0,4,4,ErrorEvt
DetectMov,511,R3,R1,50.0,20.0,1,4,DetectMov
ErrorEvt,511,R3,R3,35.0,40.0,1,4,ErrorEvt
AlertSmoke,512,R3,R3,23.0,40.0,3,2,AlertSmoke
DetectMov,512,R1,R2,35.0,20.0,1,1,DetectMov
AlertSmoke,513,R2,R2,50.0,50.0,0,1,AlertSmoke
BaseThermRead,513,R3,R3,35.0,40.0,2,2,BaseThermRead
ErrorEvt,513,R2,R1,21.0,10.0,3,2,ErrorEvt
AlertSmoke,514,R2,R3,23.0,35.0,1,4,AlertSmoke
DetectMov,514,R2,R1,18.0,20.0,4,2,DetectMov
ErrorEvt,514,R2,R2,35.0,50.0,4,0,ErrorEvt
DetectMov,515,R2,R3,23.0,10.0,2,0,DetectMov
ErrorEvt,515,R1,R2,21.0,35.0,0,4,ErrorEvt
ErrorEvt,516,R3,R3,18.0,10.0,0,2,ErrorEvt
DetectMov,517,R3,R3,21.0,50.0,4,2,DetectMov
ErrorEvt,517,R2,R2,50.0,20.0,0,3,ErrorEvt
BaseThermRead,518,R2,R3,35.0,20.0,0,0,BaseThermRead
DetectMov,518,R3,R2,42.0,40.0,0,4,DetectMov
AlertSmoke,519,R2,R1,23.0,35.0,3,4,AlertSmoke
BaseThermRead,519,R2,R3,18.0,20.0,1,4,BaseThermRead
DetectMov,519,R3,R3,21.0,50.0,1,0,DetectMov
ErrorEvt,519,R2,R1,50.0,35.0,4,4,ErrorEvt
AlertSmoke,520,R1,R2,18.0,20.0,2,1,AlertSmoke
BaseThermRead,520,R3,R3,50.0,35.0,2,0,BaseThermRead
DetectMov,521,R1,R3,21.0,40.0,0,1,DetectMov
DetectMov,523,R1,R2,23.0,50.0,1,3,DetectMov
DetectMov,524,R1,R2,23.0,35.0,3,1,DetectMov
ErrorEvt,524,R2,R2,42.0,40.0,0,1,ErrorEvt
AlertSmoke,525,R1,R3,23.0,10.0,1,2,AlertSmoke
BaseThermRead,525,R3,R3,23.0,20.0,0,1,BaseThermRead
DetectMov,525,R3,R2,35.0,35.0,0,0,DetectMov
ErrorEvt,525,R2,R2,42.0,10.0,0,3,ErrorEvt
BaseThermRead,526,R3,R1,35.0,40.0,2,1,BaseThermRead
DetectMov,526,R1,R1,23.0,10.0,3,4,DetectMov
ErrorEvt,526,R2,R2,50.0,10.0,3,3,ErrorEvt
BaseThermRead,527,R3,R2,50.0,50.0,1,2,BaseThermRead
DetectMov,527,R1,R1,18.0,10.0,0,0,DetectMov
BaseThermRead,528,R1,R3,18.0,20.0,0,0,BaseThermRead
ErrorEvt,528,R2,R1,21.0,50.0,3,2,ErrorEvt
BaseThermRead,529,R3,R3,35.0,40.0,4,4,BaseThermRead
DetectMov,529,R1,R2,42.0,50.0,3,4,DetectMov
ErrorEvt,529,R1,R1,35.0,10.0,3,2,ErrorEvt
AlertSmoke,530,R2,R3,35.0,20.0,0,0,AlertSmoke
DetectMov,530,R3,R1,21.0,10.0,1,1,DetectMov
ErrorEvt,530,R1,R3,21.0,40.0,4,4,ErrorEvt
AlertSmoke,531,R1,R3,18.0,40.0,0,1,AlertSmoke
BaseThermRead,531,R2,R1,50.0,10.0,0,2,BaseThermRead
DetectMov,531,R3,R2,42.0,50.0,2,0,DetectMov
AlertSmoke,532,R2,R2,18.0,20.0,2,1,AlertSmoke
DetectMov,532,R3,R2,21.0,50.0,0,1,DetectMov
ErrorEvt,532,R1,R2,35.0,10.0,1,1,ErrorEvt
BaseThermRead,533,R1,R1,18.0,35.0,4,2,BaseThermRead
DetectMov,533,R1,R3,18.0,40.0,3,0,DetectMov
BaseThermRead,534,R1,R1,21.0,40.0,0,4,BaseThermRead
ErrorEvt,534,R1,R3,35.0,50.0,4,0,ErrorEvt
ErrorEvt,535,R3,R2,18.0,35.0,2,4,ErrorEvt
BaseThermRead,536,R3,R3,23.0,20.0,3,3,BaseThermRead
ErrorEvt,536,R1,R1,18.0,20.0,3,0,ErrorEvt
AlertSmoke,537,R2,R1,42.0,40.0,4,2,AlertSmoke
BaseThermRead,537,R1,R2,21.0,20.0,1,3,BaseThermRead
ErrorEvt,537,R2,R3,21.0,10.0,1,2,ErrorEvt
DetectMov,538,R1,R1,50.0,35.0,0,1,DetectMov
ErrorEvt,538,R1,R2,35.0,10.0,0,0,ErrorEvt
AlertSmoke,539,R1,R2,21.0,50.0,3,3,AlertSmoke
BaseThermRead,539,R1,R2,23.0,50.0,0,4,BaseThermRead
DetectMov,539,R1,R1,21.0,10.0,3,2,DetectMov
ErrorEvt,539,R1,R3,23.0,10.0,1,0,ErrorEvt
ErrorEvt,540,R3,R3,23.0,35.0,2,3,ErrorEvt
DetectMov,541,R1,R2,42.0,50.0,1,2,DetectMov
ErrorEvt,541,R2,R2,18.0,40.0,1,1,ErrorEvt
DetectMov,543,R1,R3,21.0,20.0,3,3,DetectMov
ErrorEvt,543,R1,R2,35.0,20.0,0,4,ErrorEvt
AlertSmoke,544,R1,R3,21.0,35.0,2,4,AlertSmoke
BaseThermRead,544,R1,R2,18.0,10.0,3,0,BaseThermRead
DetectMov,544,R2,R2,50.0,35.0,0,3,DetectMov
ErrorEvt,544,R2,R3,42.0,10.0,2,3,ErrorEvt
DetectMov,545,R2,R2,50.0,20.0,4,3,DetectMov
ErrorEvt,545,R3,R2,18.0,40.0,1,0,ErrorEvt
AlertSmoke,546,R3,R1,18.0,10.0,0,2,AlertSmoke
ErrorEvt,546,R1,R2,23.0,20.0,4,3,ErrorEvt
AlertSmoke,547,R3,R3,42.0,20.0,3,4,AlertSmoke
ErrorEvt,547,R3,R3,18.0,50.0,2,4,ErrorEvt
AlertSmoke,548,R2,R2,50.0,40.0,4,2,AlertSmoke
AlertSmoke,549,R2,R1,35.0,40.0,1,1,AlertSmoke
BaseThermRead,549,R2,R1,21.0,40.0,4,4,BaseThermRead
ErrorEvt,549,R2,R2,23.0,20.0,4,2,ErrorEvt
AlertSmoke,550,R1,R2,21.0,40.0,2,2,AlertSmoke
BaseThermRead,550,R3,R3,35.0,20.0,4,4,BaseThermRead
DetectMov,550,R3,R1,50.0,50.0,3,2,DetectMov
AlertSmoke,551,R1,R2,35.0,10.0,0,2,AlertSmoke
DetectMov,551,R2,R2,23.0,40.0,1,1,DetectMov
ErrorEvt,551,R1,R3,18.0,50.0,4,1,ErrorEvt
BaseThermRead,552,R3,R2,18.0,20.0,3,4,BaseThermRead
DetectMov,552,R1,R1,23.0,50.0,1,3,DetectMov
ErrorEvt,552,R1,R3,23.0,10.0,1,1,ErrorEvt
AlertSmoke,553,R2,R3,42.0,40.0,1,4,AlertSmoke
ErrorEvt,553,R2,R3,50.0,50.0,1,2,ErrorEvt
AlertSmoke,554,R2,R1,50.0,35.0,4,4,AlertSmoke
DetectMov,554,R3,R3,18.0,20.0,0,0,DetectMov
ErrorEvt,554,R1,R1,18.0,50.0,4,4,ErrorEvt
AlertSmoke,555,R2,R3,50.0,50.0,3,4,AlertSmoke
DetectMov,555,R1,R3,23.0,50.0,1,1,DetectMov
AlertSmoke,557,R2,R3,50.0,40.0,1,1,AlertSmoke
BaseThermRead,557,R1,R2,42.0,50.0,1,3,BaseThermRead
DetectMov,557,R2,R3,18.0,40.0,4,4,DetectMov
AlertSmoke,558,R1,R2,21.0,35.0,4,2,AlertSmoke
DetectMov,558,R1,R2,23.0,20.0,0,1,DetectMov
AlertSmoke,559,R3,R2,18.0,50.0,2,4,AlertSmoke
DetectMov,559,R1,R1,21.0,40.0,4,3,DetectMov
ErrorEvt,559,R2,R1,35.0,35.0,2,0,ErrorEvt
AlertSmoke,561,R3,R1,50.0,50.0,3,4,AlertSmoke
DetectMov,561,R1,R1,23.0,40.0,4,4,DetectMov
AlertSmoke,562,R3,R1,18.0,40.0,4,1,AlertSmoke
BaseThermRead,562,R1,R2,42.0,20.0,1,2,BaseThermRead
AlertSmoke,563,R1,R3,50.0,35.0,2,0,AlertSmoke
ErrorEvt,564,R1,R3,35.0,50.0,0,2,ErrorEvt
AlertSmoke,565,R3,R1,42.0,35.0,3,4,AlertSmoke
AlertSmoke,566,R2,R3,35.0,20.0,0,0,AlertSmoke
DetectMov,566,R1,R2,18.0,40.0,3,4,DetectMov
AlertSmoke,567,R1,R2,42.0,20.0,1,3,AlertSmoke
BaseThermRead,567,R2,R1,18.0,40.0,0,3,BaseThermRead
DetectMov,567,R3,R1,23.0,50.0,1,4,DetectMov
BaseThermRead,568,R3,R2,18.0,10.0,0,3,BaseThermRead
DetectMov,568,R3,R1,18.0,35.0,0,4,DetectMov
ErrorEvt,569,R2,R3,18.0,35.0,0,4,ErrorEvt
ErrorEvt,570,R3,R1,50.0,35.0,3,2,ErrorEvt
AlertSmoke,572,R1,R2,23.0,35.0,1,4,AlertSmoke
ErrorEvt,572,R3,R3,50.0,35.0,1,1,ErrorEvt
AlertSmoke,573,R3,R3,42.0,20.0,4,4,AlertSmoke
BaseThermRead,573,R1,R1,50.0,50.0,3,0,BaseThermRead
DetectMov,573,R2,R3,35.0,35.0,4,4,DetectMov
AlertSmoke,574,R3,R1,50.0,10.0,1,2,AlertSmoke
BaseThermRead,574,R2,R3,23.0,35.0,3,3,BaseThermRead
ErrorEvt,574,R3,R3,50.0,20.0,0,4,ErrorEvt
AlertSmoke,575,R3,R1,50.0,20.0,4,2,AlertSmoke
BaseThermRead,575,R2,R1,23.0,50.0,0,3,BaseThermRead
ErrorEvt,575,R2,R1,23.0,50.0,0,1,ErrorEvt
AlertSmoke,576,R3,R1,35.0,35.0,2,0,AlertSmoke
BaseThermRead,576,R1,R3,21.0,20.0,0,1,BaseThermRead
ErrorEvt,576,R3,R1,23.0,40.0,2,0,ErrorEvt
ErrorEvt,577,R2,R3,18.0,50.0,1,0,ErrorEvt
AlertSmoke,578,R2,R2,50.0,20.0,3,2,AlertSmoke
BaseThermRead,578,R3,R3,50.0,50.0,1,1,BaseThermRead
DetectMov,578,R3,R1,18.0,50.0,1,1,DetectMov
AlertSmoke,579,R3,R1,21.0,20.0,4,1,AlertSmoke
BaseThermRead,579,R3,R2,42.0,50.0,0,3,BaseThermRead
AlertSmoke,580,R1,R3,21.0,10.0,0,0,AlertSmoke
BaseThermRead,580,R2,R3,35.0,10.0,3,2,BaseThermRead
AlertSmoke,581,R3,R2,23.0,35.0,1,4,AlertSmoke
ErrorEvt,582,R1,R2,35.0,40.0,2,0,ErrorEvt
DetectMov,583,R2,R3,23.0,10.0,1,4,DetectMov
DetectMov,584,R1,R2,18.0,10.0,3,3,DetectMov
ErrorEvt,584,R2,R2,21.0,40.0,3,4,ErrorEvt
BaseThermRead,585,R2,R2,35.0,35.0,4,0,BaseThermRead
ErrorEvt,585,R2,R3,42.0,10.0,1,4,ErrorEvt
AlertSmoke,586,R1,R2,18.0,40.0,1,2,AlertSmoke
BaseThermRead,586,R2,R2,50.0,35.0,3,2,BaseThermRead
ErrorEvt,586,R2,R3,50.0,20.0,2,3,ErrorEvt
AlertSmoke,587,R2,R1,50.0,20.0,3,0,AlertSmoke
BaseThermRead,587,R2,R1,50.0,35.0,3,3,BaseThermRead
AlertSmoke,588,R3,R1,23.0,20.0,1,0,AlertSmoke
AlertSmoke,589,R3,R1,35.0,50.0,0,2,AlertSmoke
BaseThermRead,589,R1,R3,23.0,50.0,0,1,BaseThermRead
DetectMov,589,R1,R3,18.0,50.0,3,0,DetectMov
DetectMov,590,R1,R3,42.0,20.0,0,2,DetectMov
AlertSmoke,591,R2,R2,35.0,10.0,3,3,AlertSmoke
DetectMov,591,R2,R2,50.0,35.0,3,1,DetectMov
ErrorEvt,591,R3,R3,50.0,20.0,3,1,ErrorEvt
DetectMov,592,R3,R1,42.0,10.0,4,4,DetectMov
DetectMov,593,R2,R2,35.0,50.0,3,4,DetectMov
BaseThermRead,594,R1,R3,35.0,20.0,3,1,BaseThermRead
DetectMov,594,R2,R1,23.0,10.0,0,1,DetectMov
BaseThermRead,595,R1,R3,21.0,50.0,3,2,BaseThermRead
AlertSmoke,596,R1,R2,21.0,20.0,1,3,AlertSmoke
ErrorEvt,596,R3,R3,50.0,10.0,2,1,ErrorEvt
BaseThermRead,597,R2,R3,42.0,35.0,3,3,BaseThermRead
AlertSmoke,598,R1,R3,35.0,50.0,3,3,AlertSmoke
BaseThermRead,598,R2,R3,35.0,35.0,3,2,BaseThermRead
ErrorEvt,598,R2,R2,42.0,20.0,3,3,ErrorEvt
AlertSmoke,599,R2,R3,21.0,20.0,2,0,AlertSmoke
DetectMov,599,R3,R2,21.0,20.0,0,4,DetectMov
AlertSmoke,600,R3,R1,35.0,20.0,4,4,AlertSmoke
DetectMov,600,R2,R2,18.0,10.0,2,2,DetectMov
ErrorEvt,600,R2,R3,42.0,20.0,1,2,ErrorEvt
AlertSmoke,601,R1,R2,23.0,35.0,4,1,AlertSmoke
DetectMov,601,R3,R1,23.0,35.0,3,4,DetectMov
ErrorEvt,601,R1,R1,18.0,40.0,3,4,ErrorEvt
AlertSmoke,602,R3,R3,23.0,35.0,2,4,AlertSmoke
ErrorEvt,602,R3,R1,18.0,40.0,4,1,ErrorEvt
AlertSmoke,603,R1,R3,50.0,10.0,4,1,AlertSmoke
BaseThermRead,603,R1,R1,21.0,20.0,4,0,BaseThermRead
ErrorEvt,603,R1,R1,35.0,40.0,1,0,ErrorEvt
ErrorEvt,604,R2,R2,42.0,50.0,2,1,ErrorEvt
BaseThermRead,605,R3,R1,42.0,40.0,3,3,BaseThermRead
ErrorEvt,605,R2,R3,35.0,50.0,2,0,ErrorEvt
DetectMov,606,R3,R2,23.0,50.0,2,4,DetectMov
BaseThermRead,607,R3,R3,42.0,40.0,4,1,BaseThermRead
AlertSmoke,608,R1,R2,21.0,20.0,4,2,AlertSmoke
AlertSmoke,609,R2,R1,18.0,35.0,1,1,AlertSmoke
BaseThermRead,609,R2,R1,50.0,50.0,1,0,BaseThermRead
BaseThermRead,610,R3,R3,50.0,10.0,1,3,BaseThermRead
ErrorEvt,610,R2,R1,35.0,10.0,1,1,ErrorEvt
DetectMov,611,R3,R2,35.0,40.0,0,3,DetectMov
DetectMov,612,R3,R1,18.0,35.0,3,3,DetectMov
AlertSmoke,614,R1,R1,35.0,10.0,4,1,AlertSmoke
AlertSmoke,615,R3,R1,18.0,40.0,2,1,AlertSmoke
BaseThermRead,615,R1,R1,18.0,50.0,1,2,BaseThermRead
ErrorEvt,615,R2,R2,23.0,20.0,1,3,ErrorEvt
AlertSmoke,616,R3,R2,42.0,10.0,2,0,AlertSmoke
ErrorEvt,616,R3,R2,35.0,20.0,2,3,ErrorEvt
AlertSmoke,617,R3,R2,18.0,50.0,4,3,AlertSmoke
DetectMov,617,R1,R3,35.0,40.0,3,4,DetectMov
ErrorEvt,617,R1,R2,35.0,10.0,2,0,ErrorEvt
AlertSmoke,618,R3,R3,50.0,50.0,2,0,AlertSmoke
DetectMov,618,R2,R1,42.0,40.0,4,2,DetectMov
ErrorEvt,618,R1,R2,23.0,20.0,2,1,ErrorEvt
ErrorEvt,619,R1,R3,42.0,40.0,2,0,ErrorEvt
BaseThermRead,620,R1,R2,35.0,20.0,1,1,BaseThermRead
DetectMov,620,R3,R1,42.0,10.0,0,1,DetectMov
DetectMov,621,R3,R1,23.0,10.0,3,2,DetectMov
BaseThermRead,622,R2,R2,50.0,40.0,4,0,BaseThermRead
AlertSmoke,623,R2,R2,35.0,20.0,1,1,AlertSmoke
BaseThermRead,623,R3,R1,42.0,35.0,2,4,BaseThermRead
DetectMov,623,R3,R1,50.0,40.0,4,2,DetectMov
ErrorEvt,624,R3,R3,23.0,10.0,1,0,ErrorEvt
BaseThermRead,625,R1,R1,23.0,20.0,0,1,BaseThermRead
ErrorEvt,625,R2,R2,21.0,50.0,1,2,ErrorEvt
ErrorEvt,626,R1,R1,35.0,40.0,3,0,ErrorEvt
BaseThermRead,627,R1,R1,23.0,20.0,0,2,BaseThermRead
ErrorEvt,627,R2,R3,50.0,40.0,0,0,ErrorEvt
AlertSmoke,628,R2,R2,35.0,40.0,0,4,AlertSmoke
DetectMov,628,R2,R2,23.0,10.0,2,1,DetectMov
ErrorEvt,628,R2,R2,42.0,40.0,1,1,ErrorEvt
AlertSmoke,629,R2,R3,35.0,40.0,0,1,AlertSmoke
DetectMov,629,R1,R1,18.0,20.0,1,2,DetectMov
ErrorEvt,629,R3,R2,23.0,10.0,3,3,ErrorEvt
DetectMov,630,R3,R1,50.0,35.0,3,4,DetectMov
AlertSmoke,631,R2,R3,35.0,35.0,1,4,AlertSmoke
DetectMov,631,R1,R1,18.0,20.0,3,0,DetectMov
AlertSmoke,632,R1,R2,21.0,35.0,0,0,AlertSmoke
BaseThermRead,632,R2,R1,42.0,20.0,4,3,BaseThermRead
AlertSmoke,633,R3,R3,21.0,50.0,2,3,AlertSmoke
BaseThermRead,633,R3,R3,23.0,20.0,1,2,BaseThermRead
DetectMov,633,R2,R1,23.0,20.0,3,0,DetectMov
AlertSmoke,634,R1,R3,35.0,35.0,4,1,AlertSmoke
ErrorEvt,634,R1,R2,35.0,35.0,3,0,ErrorEvt
AlertSmoke,635,R3,R3,18.0,40.0,4,1,AlertSmoke
DetectMov,635,R2,R2,18.0,20.0,3,1,DetectMov
ErrorEvt,635,R3,R1,21.0,40.0,0,0,ErrorEvt
BaseThermRead,638,R1,R2,23.0,20.0,2,1,BaseThermRead
BaseThermRead,639,R1,R1,50.0,50.0,0,3,BaseThermRead
AlertSmoke,640,R1,R3,23.0,35.0,1,1,AlertSmoke
DetectMov,640,R3,R2,35.0,40.0,2,4,DetectMov
ErrorEvt,640,R1,R3,42.0,50.0,3,4,ErrorEvt
BaseThermRead,641,R2,R1,42.0,40.0,2,4,BaseThermRead
DetectMov,641,R2,R2,21.0,40.0,2,1,DetectMov
ErrorEvt,641,R3,R3,50.0,40.0,4,4,ErrorEvt
BaseThermRead,642,R3,R1,35.0,20.0,2,2,BaseThermRead
ErrorEvt,642,R1,R1,50.0,10.0,0,0,ErrorEvt
BaseThermRead,643,R1,R2,35.0,35.0,4,1,BaseThermRead
DetectMov,643,R2,R1,23.0,50.0,2,2,DetectMov
BaseThermRead,644,R3,R1,42.0,50.0,0,0,BaseThermRead
DetectMov,644,R1,R3,50.0,40.0,0,0,DetectMov
AlertSmoke,645,R3,R1,42.0,35.0,0,4,AlertSmoke
BaseThermRead,645,R2,R2,42.0,20.0,1,2,BaseThermRead
DetectMov,645,R1,R1,23.0,35.0,4,1,DetectMov
AlertSmoke,646,R3,R3,23.0,35.0,4,4,AlertSmoke
BaseThermRead,646,R1,R2,42.0,50.0,0,3,BaseThermRead
DetectMov,646,R3,R1,18.0,50.0,2,4,DetectMov
BaseThermRead,647,R3,R2,18.0,40.0,3,3,BaseThermRead
ErrorEvt,647,R2,R2,18.0,40.0,2,4,ErrorEvt
BaseThermRead,648,R2,R1,18.0,20.0,2,3,BaseThermRead
DetectMov,648,R2,R3,21.0,20.0,1,0,DetectMov
ErrorEvt,648,R2,R2,23.0,20.0,1,3,ErrorEvt
BaseThermRead,649,R2,R3,21.0,40.0,3,3,BaseThermRead
DetectMov,649,R3,R2,35.0,40.0,4,2,DetectMov
BaseThermRead,650,R3,R2,50.0,10.0,4,2,BaseThermRead
DetectMov,650,R1,R2,35.0,10.0,3,4,DetectMov
ErrorEvt,650,R2,R1,23.0,10.0,4,4,ErrorEvt
AlertSmoke,651,R1,R3,21.0,35.0,2,4,AlertSmoke
BaseThermRead,652,R3,R2,42.0,40.0,0,3,BaseThermRead
DetectMov,652,R1,R1,42.0,35.0,4,3,DetectMov
AlertSmoke,653,R3,R2,18.0,50.0,1,1,AlertSmoke
BaseThermRead,653,R3,R2,21.0,20.0,4,0,BaseThermRead
DetectMov,653,R2,R1,23.0,35.0,3,0,DetectMov
AlertSmoke,654,R3,R1,50.0,50.0,2,3,AlertSmoke
BaseThermRead,654,R1,R3,23.0,35.0,0,2,BaseThermRead
DetectMov,654,R2,R3,50.0,50.0,4,1,DetectMov
AlertSmoke,655,R3,R2,23.0,50.0,1,2,AlertSmoke
ErrorEvt,655,R2,R3,35.0,10.0,3,0,ErrorEvt
AlertSmoke,656,R3,R2,18.0,20.0,1,0,AlertSmoke
ErrorEvt,656,R1,R1,35.0,50.0,4,1,ErrorEvt
ErrorEvt,657,R2,R1,50.0,10.0,4,3,ErrorEvt
ErrorEvt,658,R1,R2,50.0,40.0,4,1,ErrorEvt
BaseThermRead,659,R1,R1,23.0,10.0,4,0,BaseThermRead
DetectMov,659,R3,R2,23.0,50.0,1,2,DetectMov
DetectMov,660,R3,R2,42.0,50.0,1,4,DetectMov
ErrorEvt,660,R1,R2,35.0,10.0,3,2,ErrorEvt
AlertSmoke,661,R1,R1,23.0,50.0,0,2,AlertSmoke
BaseThermRead,661,R1,R1,50.0,50.0,3,2,BaseThermRead
DetectMov,661,R1,R3,42.0,40.0,0,4,DetectMov
ErrorEvt,661,R2,R2,50.0,35.0,4,1,ErrorEvt
AlertSmoke,662,R1,R3,50.0,20.0,2,0,AlertSmoke
DetectMov,662,R1,R1,42.0,35.0,1,3,DetectMov
ErrorEvt,662,R3,R2,50.0,35.0,2,4,ErrorEvt
AlertSmoke,663,R1,R1,50.0,10.0,1,3,AlertSmoke
BaseThermRead,663,R1,R2,50.0,40.0,4,0,BaseThermRead
DetectMov,663,R3,R3,23.0,40.0,2,1,DetectMov
ErrorEvt,663,R3,R2,23.0,35.0,1,1,ErrorEvt
AlertSmoke,664,R3,R1,42.0,40.0,3,4,AlertSmoke
BaseThermRead,664,R1,R3,18.0,20.0,0,2,BaseThermRead
BaseThermRead,665,R3,R2,18.0,20.0,0,3,BaseThermRead
ErrorEvt,665,R3,R2,23.0,50.0,2,3,ErrorEvt
BaseThermRead,666,R1,R3,50.0,20.0,2,3,BaseThermRead
ErrorEvt,667,R1,R3,21.0,10.0,2,0,ErrorEvt
DetectMov,668,R3,R1,50.0,50.0,4,3,DetectMov
ErrorEvt,668,R1,R3,35.0,50.0,4,3,ErrorEvt
AlertSmoke,669,R2,R1,21.0,50.0,2,2,AlertSmoke
DetectMov,669,R2,R3,21.0,20.0,1,0,DetectMov
ErrorEvt,669,R2,R1,23.0,20.0,3,0,ErrorEvt
AlertSmoke,670,R3,R2,23.0,35.0,0,3,AlertSmoke
BaseThermRead,671,R2,R2,50.0,10.0,1,4,BaseThermRead
DetectMov,671,R1,R2,21.0,10.0,2,0,DetectMov
AlertSmoke,672,R2,R3,21.0,10.0,3,0,AlertSmoke
BaseThermRead,672,R1,R3,35.0,20.0,2,3,BaseThermRead
DetectMov,672,R2,R2,18.0,10.0,1,3,DetectMov
AlertSmoke,673,R2,R2,21.0,35.0,2,1,AlertSmoke
DetectMov,673,R2,R3,50.0,20.0,3,1,DetectMov
DetectMov,674,R1,R3,18.0,35.0,1,1,DetectMov
ErrorEvt,674,R1,R2,23.0,20.0,2,1,ErrorEvt
AlertSmoke,675,R2,R2,23.0,20.0,0,4,AlertSmoke
DetectMov,675,R3,R2,23.0,35.0,1,3,DetectMov
ErrorEvt,676,R2,R2,23.0,40.0,2,1,ErrorEvt
BaseThermRead,677,R3,R2,50.0,40.0,1,4,BaseThermRead
ErrorEvt,677,R1,R2,23.0,20.0,0,3,ErrorEvt
BaseThermRead,678,R3,R2,18.0,20.0,1,4,BaseThermRead
ErrorEvt,678,R2,R1,23.0,20.0,4,2,ErrorEvt
BaseThermRead,679,R2,R2,21.0,50.0,4,2,BaseThermRead
AlertSmoke,680,R1,R2,50.0,40.0,0,1,AlertSmoke
BaseThermRead,680,R2,R2,21.0,35.0,2,0,BaseThermRead
DetectMov,680,R2,R3,42.0,10.0,0,4,DetectMov
AlertSmoke,681,R3,R2,35.0,40.0,3,4,AlertSmoke
BaseThermRead,681,R2,R3,23.0,50.0,3,3,BaseThermRead
AlertSmoke,683,R3,R3,23.0,40.0,2,2,AlertSmoke
ErrorEvt,683,R3,R2,50.0,20.0,3,1,ErrorEvt
AlertSmoke,684,R2,R1,23.0,10.0,0,3,AlertSmoke
AlertSmoke,685,R1,R3,42.0,40.0,3,3,AlertSmoke
DetectMov,685,R1,R2,42.0,20.0,1,1,DetectMov
ErrorEvt,685,R2,R2,50.0,50.0,4,0,ErrorEvt
AlertSmoke,686,R3,R1,18.0,50.0,1,2,AlertSmoke
BaseThermRead,686,R2,R1,18.0,35.0,0,4,BaseThermRead
DetectMov,686,R2,R3,35.0,35.0,1,2,DetectMov
AlertSmoke,687,R3,R2,18.0,10.0,0,0,AlertSmoke
BaseThermRead,687,R2,R1,50.0,40.0,4,4,BaseThermRead
DetectMov,687,R2,R3,50.0,40.0,1,2,DetectMov
AlertSmoke,688,R2,R3,42.0,10.0,1,2,AlertSmoke
BaseThermRead,688,R3,R2,42.0,50.0,3,1,BaseThermRead
DetectMov,688,R3,R3,18.0,20.0,4,3,DetectMov
BaseThermRead,689,R1,R3,18.0,40.0,3,3,BaseThermRead
AlertSmoke,690,R3,R3,50.0,20.0,1,4,AlertSmoke
BaseThermRead,690,R1,R2,50.0,20.0,4,4,BaseThermRead
ErrorEvt,690,R1,R1,35.0,20.0,4,0,ErrorEvt
AlertSmoke,691,R2,R3,21.0,20.0,4,0,AlertSmoke
BaseThermRead,691,R1,R1,21.0,20.0,3,4,BaseThermRead
BaseThermRead,692,R2,R2,50.0,20.0,4,0,BaseThermRead
AlertSmoke,693,R1,R3,50.0,20.0,2,2,AlertSmoke
BaseThermRead,693,R2,R2,23.0,40.0,4,0,BaseThermRead
DetectMov,693,R2,R1,50.0,40.0,3,3,DetectMov
BaseThermRead,694,R2,R1,50.0,40.0,4,4,BaseThermRead
DetectMov,694,R1,R2,35.0,40.0,0,1,DetectMov
DetectMov,695,R3,R2,35.0,35.0,4,2,DetectMov
ErrorEvt,695,R2,R3,23.0,10.0,0,4,ErrorEvt
BaseThermRead,696,R2,R3,35.0,35.0,1,0,BaseThermRead
ErrorEvt,696,R2,R3,50.0,10.0,4,1,ErrorEvt
BaseThermRead,697,R3,R1,23.0,50.0,0,2,BaseThermRead
ErrorEvt,697,R3,R3,50.0,35.0,2,1,ErrorEvt
AlertSmoke,698,R2,R3,18.0,20.0,1,4,AlertSmoke
BaseThermRead,698,R1,R1,35.0,20.0,2,0,BaseThermRead
AlertSmoke,699,R2,R3,23.0,40.0,4,3,AlertSmoke
BaseThermRead,699,R2,R3,21.0,40.0,4,4,BaseThermRead
AlertSmoke,700,R3,R2,21.0,50.0,2,0,AlertSmoke
BaseThermRead,700,R1,R3,21.0,35.0,1,4,BaseThermRead
DetectMov,700,R2,R3,50.0,50.0,3,4,DetectMov
BaseThermRead,701,R3,R1,23.0,35.0,4,3,BaseThermRead
BaseThermRead,702,R2,R2,50.0,40.0,0,3,BaseThermRead
DetectMov,702,R2,R3,50.0,20.0,4,4,DetectMov
ErrorEvt,702,R2,R3,21.0,20.0,4,3,ErrorEvt
DetectMov,703,R1,R3,21.0,20.0,0,0,DetectMov
ErrorEvt,703,R3,R2,50.0,40.0,2,2,ErrorEvt
BaseThermRead,704,R1,R3,50.0,50.0,0,2,BaseThermRead
DetectMov,704,R2,R1,35.0,50.0,3,1,DetectMov
ErrorEvt,704,R2,R1,23.0,40.0,3,4,ErrorEvt
AlertSmoke,705,R2,R2,42.0,50.0,0,1,AlertSmoke
DetectMov,705,R2,R1,18.0,10.0,3,3,DetectMov
BaseThermRead,706,R2,R2,18.0,10.0,1,0,BaseThermRead
AlertSmoke,707,R3,R2,35.0,50.0,3,3,AlertSmoke
BaseThermRead,708,R3,R1,35.0,40.0,1,0,BaseThermRead
AlertSmoke,709,R1,R1,42.0,40.0,1,2,AlertSmoke
ErrorEvt,709,R3,R1,23.0,10.0,0,0,ErrorEvt
BaseThermRead,710,R1,R2,23.0,20.0,3,2,BaseThermRead
DetectMov,710,R1,R1,42.0,35.0,1,0,DetectMov
DetectMov,711,R1,R1,21.0,20.0,0,2,DetectMov
BaseThermRead,712,R3,R1,21.0,50.0,2,4,BaseThermRead
DetectMov,712,R1,R2,18.0,50.0,4,1,DetectMov
BaseThermRead,713,R3,R2,23.0,35.0,2,4,BaseThermRead
DetectMov,713,R1,R3,50.0,35.0,1,1,DetectMov
AlertSmoke,714,R3,R2,50.0,20.0,4,4,AlertSmoke
BaseThermRead,714,R1,R2,50.0,10.0,1,1,BaseThermRead
ErrorEvt,714,R1,R3,35.0,50.0,0,2,ErrorEvt
AlertSmoke,715,R3,R3,23.0,35.0,2,4,AlertSmoke
ErrorEvt,715,R2,R2,18.0,40.0,4,2,ErrorEvt
AlertSmoke,716,R1,R1,50.0,50.0,0,2,AlertSmoke
BaseThermRead,716,R2,R1,21.0,50.0,3,4,BaseThermRead
ErrorEvt,716,R3,R3,23.0,10.0,4,4,ErrorEvt
AlertSmoke,717,R3,R3,21.0,10.0,2,1,AlertSmoke
ErrorEvt,717,R3,R3,50.0,10.0,3,1,ErrorEvt
DetectMov,718,R1,R3,21.0,40.0,0,4,DetectMov
ErrorEvt,718,R2,R2,21.0,50.0,1,0,ErrorEvt
ErrorEvt,720,R1,R1,35.0,10.0,1,3,ErrorEvt
BaseThermRead,721,R2,R1,35.0,35.0,3,4,BaseThermRead
ErrorEvt,721,R2,R3,18.0,10.0,4,4,ErrorEvt
AlertSmoke,722,R1,R1,18.0,50.0,3,4,AlertSmoke
ErrorEvt,722,R3,R3,50.0,20.0,4,3,ErrorEvt
AlertSmoke,723,R3,R2,35.0,40.0,0,0,AlertSmoke
BaseThermRead,723,R1,R1,35.0,10.0,1,4,BaseThermRead
DetectMov,723,R2,R2,50.0,40.0,4,0,DetectMov
AlertSmoke,724,R1,R3,21.0,50.0,4,3,AlertSmoke
BaseThermRead,724,R2,R2,23.0,40.0,4,3,BaseThermRead
DetectMov,724,R3,R1,18.0,35.0,0,3,DetectMov
AlertSmoke,725,R1,R2,50.0,10.0,1,3,AlertSmoke
BaseThermRead,725,R3,R2,42.0,10.0,2,2,BaseThermRead
AlertSmoke,726,R1,R3,21.0,10.0,0,4,AlertSmoke
ErrorEvt,727,R3,R2,23.0,10.0,1,1,ErrorEvt
DetectMov,729,R1,R2,18.0,20.0,3,2,DetectMov
BaseThermRead,730,R2,R3,21.0,20.0,3,1,BaseThermRead
AlertSmoke,731,R1,R1,42.0,35.0,4,2,AlertSmoke
BaseThermRead,731,R3,R1,23.0,50.0,2,3,BaseThermRead
AlertSmoke,732,R1,R1,21.0,40.0,3,3,AlertSmoke
BaseThermRead,732,R3,R1,50.0,10.0,4,4,BaseThermRead
ErrorEvt,732,R2,R3,23.0,50.0,3,0,ErrorEvt
AlertSmoke,733,R3,R2,50.0,10.0,3,0,AlertSmoke
BaseThermRead,733,R3,R3,35.0,10.0,4,4,BaseThermRead
ErrorEvt,733,R3,R2,50.0,35.0,1,0,ErrorEvt
AlertSmoke,734,R3,R1,18.0,20.0,4,0,AlertSmoke
DetectMov,734,R3,R2,18.0,20.0,3,0,DetectMov
ErrorEvt,735,R1,R2,21.0,35.0,4,3,ErrorEvt
ErrorEvt,737,R2,R2,21.0,35.0,2,3,ErrorEvt
BaseThermRead,738,R2,R2,42.0,35.0,1,4,BaseThermRead
AlertSmoke,739,R1,R1,21.0,35.0,1,2,AlertSmoke
BaseThermRead,739,R2,R1,35.0,40.0,2,4,BaseThermRead
DetectMov,739,R3,R3,42.0,20.0,1,0,DetectMov
ErrorEvt,739,R1,R3,18.0,50.0,0,1,ErrorEvt
AlertSmoke,740,R3,R3,18.0,40.0,0,4,AlertSmoke
BaseThermRead,740,R1,R3,42.0,40.0,0,1,BaseThermRead
AlertSmoke,741,R3,R3,23.0,10.0,1,4,AlertSmoke
BaseThermRead,741,R1,R3,50.0,40.0,0,4,BaseThermRead
DetectMov,741,R2,R2,42.0,40.0,3,3,DetectMov
DetectMov,742,R1,R3,42.0,35.0,4,3,DetectMov
AlertSmoke,743,R1,R3,50.0,50.0,2,2,AlertSmoke
BaseThermRead,743,R2,R1,42.0,40.0,2,3,BaseThermRead
DetectMov,743,R1,R1,18.0,40.0,0,2,DetectMov
BaseThermRead,744,R2,R3,42.0,40.0,0,3,BaseThermRead
DetectMov,744,R2,R1,21.0,50.0,1,2,DetectMov
ErrorEvt,744,R2,R1,23.0,35.0,3,0,ErrorEvt
BaseThermRead,745,R1,R3,23.0,40.0,0,2,BaseThermRead
DetectMov,745,R3,R1,18.0,35.0,4,0,DetectMov
ErrorEvt,745,R2,R2,18.0,10.0,0,0,ErrorEvt
DetectMov,746,R1,R3,21.0,10.0,2,4,DetectMov
ErrorEvt,746,R3,R3,21.0,10.0,1,3,ErrorEvt
DetectMov,747,R3,R1,35.0,35.0,0,2,DetectMov
AlertSmoke,748,R1,R1,23.0,10.0,0,4,AlertSmoke
ErrorEvt,748,R2,R2,21.0,50.0,2,1,ErrorEvt
AlertSmoke,749,R2,R1,50.0,10.0,3,0,AlertSmoke
DetectMov,749,R3,R2,21.0,50.0,0,1,DetectMov
ErrorEvt,749,R1,R3,50.0,35.0,2,0,ErrorEvt
BaseThermRead,750,R1,R1,42.0,50.0,2,2,BaseThermRead
BaseThermRead,751,R3,R3,50.0,35.0,3,0,BaseThermRead
DetectMov,751,R3,R2,50.0,35.0,1,4,DetectMov
ErrorEvt,751,R3,R2,21.0,50.0,2,1,ErrorEvt
BaseThermRead,752,R3,R1,21.0,20.0,4,1,BaseThermRead
BaseThermRead,753,R1,R2,21.0,50.0,0,1,BaseThermRead
AlertSmoke,754,R3,R3,50.0,40.0,0,0,AlertSmoke
AlertSmoke,755,R1,R2,42.0,10.0,2,3,AlertSmoke
BaseThermRead,755,R3,R2,18.0,10.0,2,1,BaseThermRead
DetectMov,756,R2,R2,18.0,35.0,2,1,DetectMov
ErrorEvt,756,R3,R1,18.0,20.0,3,1,ErrorEvt
AlertSmoke,757,R2,R1,42.0,35.0,3,4,AlertSmoke
BaseThermRead,757,R2,R1,18.0,10.0,0,0,BaseThermRead
DetectMov,757,R1,R2,42.0,40.0,4,0,DetectMov
ErrorEvt,757,R1,R3,23.0,35.0,3,3,ErrorEvt
DetectMov,758,R3,R2,23.0,35.0,3,4,DetectMov
AlertSmoke,759,R1,R3,21.0,40.0,4,1,AlertSmoke
DetectMov,759,R1,R3,42.0,35.0,4,4,DetectMov
ErrorEvt,759,R1,R2,42.0,10.0,2,1,ErrorEvt
DetectMov,760,R2,R2,23.0,20.0,0,3,DetectMov
DetectMov,761,R2,R2,50.0,10.0,4,2,DetectMov
BaseThermRead,762,R3,R2,50.0,20.0,1,3,BaseThermRead
BaseThermRead,763,R1,R3,23.0,10.0,3,4,BaseThermRead
DetectMov,763,R2,R2,23.0,40.0,0,2,DetectMov
AlertSmoke,764,R3,R1,21.0,20.0,1,0,AlertSmoke
BaseThermRead,764,R1,R1,21.0,40.0,2,3,BaseThermRead
ErrorEvt,764,R3,R1,42.0,10.0,0,4,ErrorEvt
BaseThermRead,765,R1,R3,23.0,35.0,0,1,BaseThermRead
DetectMov,765,R2,R1,18.0,40.0,1,1,DetectMov
ErrorEvt,765,R1,R1,35.0,10.0,4,1,ErrorEvt
BaseThermRead,766,R3,R3,18.0,40.0,0,1,BaseThermRead
DetectMov,766,R2,R3,23.0,50.0,3,0,DetectMov
BaseThermRead,767,R1,R1,42.0,35.0,1,4,BaseThermRead
DetectMov,768,R3,R1,21.0,20.0,0,1,DetectMov
AlertSmoke,769,R1,R1,50.0,10.0,0,2,AlertSmoke
BaseThermRead,769,R1,R2,18.0,40.0,1,4,BaseThermRead
DetectMov,770,R3,R2,18.0,20.0,4,1,DetectMov
ErrorEvt,770,R2,R1,50.0,20.0,3,2,ErrorEvt
BaseThermRead,771,R1,R1,35.0,50.0,4,1,BaseThermRead
ErrorEvt,771,R1,R1,50.0,20.0,3,2,ErrorEvt
BaseThermRead,772,R3,R3,23.0,10.0,1,3,BaseThermRead
ErrorEvt,772,R1,R2,42.0,40.0,4,1,ErrorEvt
ErrorEvt,773,R1,R1,21.0,10.0,4,3,ErrorEvt
AlertSmoke,774,R1,R2,23.0,20.0,1,4,AlertSmoke
BaseThermRead,774,R1,R3,35.0,10.0,1,4,BaseThermRead
AlertSmoke,775,R2,R2,50.0,40.0,2,3,AlertSmoke
DetectMov,775,R3,R1,50.0,35.0,4,1,DetectMov
ErrorEvt,775,R1,R3,23.0,50.0,3,1,ErrorEvt
AlertSmoke,776,R3,R1,18.0,10.0,2,4,AlertSmoke
BaseThermRead,776,R3,R1,18.0,10.0,3,0,BaseThermRead
DetectMov,776,R3,R2,21.0,35.0,3,0,DetectMov
ErrorEvt,776,R1,R1,42.0,40.0,1,1,ErrorEvt
BaseThermRead,777,R1,R2,42.0,35.0,3,3,BaseThermRead
DetectMov,777,R2,R1,21.0,35.0,2,4,DetectMov
AlertSmoke,778,R1,R3,18.0,40.0,4,4,AlertSmoke
BaseThermRead,778,R1,R1,23.0,50.0,4,0,BaseThermRead
DetectMov,778,R1,R3,23.0,50.0,2,3,DetectMov
ErrorEvt,778,R2,R1,23.0,50.0,0,2,ErrorEvt
BaseThermRead,779,R2,R2,18.0,10.0,1,2,BaseThermRead
ErrorEvt,779,R1,R2,50.0,50.0,2,1,ErrorEvt
AlertSmoke,780,R2,R2,42.0,40.0,2,2,AlertSmoke
BaseThermRead,780,R1,R2,50.0,50.0,3,0,BaseThermRead
DetectMov,780,R3,R3,50.0,10.0,2,4,DetectMov
AlertSmoke,781,R1,R2,35.0,20.0,3,0,AlertSmoke
DetectMov,781,R1,R2,18.0,10.0,2,3,DetectMov
ErrorEvt,781,R3,R1,35.0,20.0,2,0,ErrorEvt
AlertSmoke,782,R3,R3,50.0,10.0,0,0,AlertSmoke
BaseThermRead,782,R3,R2,18.0,35.0,2,1,BaseThermRead
DetectMov,782,R3,R3,21.0,40.0,0,3,DetectMov
ErrorEvt,782,R3,R3,42.0,35.0,2,1,ErrorEvt
AlertSmoke,783,R3,R2,42.0,35.0,2,4,AlertSmoke
DetectMov,783,R3,R3,35.0,35.0,1,3,DetectMov
ErrorEvt,783,R2,R1,18.0,50.0,1,2,ErrorEvt
AlertSmoke,784,R3,R1,50.0,20.0,2,0,AlertSmoke
DetectMov,784,R3,R2,50.0,50.0,2,2,DetectMov
ErrorEvt,784,R2,R1,35.0,20.0,3,1,ErrorEvt
AlertSmoke,785,R1,R3,35.0,50.0,4,4,AlertSmoke
DetectMov,785,R3,R3,42.0,40.0,2,0,DetectMov
DetectMov,786,R3,R2,42.0,50.0,3,4,DetectMov
ErrorEvt,786,R1,R3,21.0,35.0,2,1,ErrorEvt
AlertSmoke,787,R1,R1,23.0,10.0,3,0,AlertSmoke
BaseThermRead,787,R2,R1,50.0,10.0,2,4,BaseThermRead
DetectMov,787,R3,R1,18.0,20.0,2,4,DetectMov
AlertSmoke,788,R2,R3,23.0,10.0,0,2,AlertSmoke
BaseThermRead,788,R3,R3,50.0,40.0,1,3,BaseThermRead
ErrorEvt,788,R1,R1,23.0,35.0,3,1,ErrorEvt
AlertSmoke,789,R1,R1,50.0,20.0,0,3,AlertSmoke
BaseThermRead,789,R1,R3,42.0,20.0,3,4,BaseThermRead
DetectMov,789,R2,R3,35.0,10.0,4,2,DetectMov
ErrorEvt,789,R1,R3,18.0,40.0,4,2,ErrorEvt
AlertSmoke,790,R1,R3,42.0,40.0,0,1,AlertSmoke
BaseThermRead,790,R2,R2,18.0,50.0,4,4,BaseThermRead
BaseThermRead,791,R3,R1,21.0,20.0,4,4,BaseThermRead
DetectMov,791,R2,R1,50.0,50.0,4,2,DetectMov
AlertSmoke,792,R1,R1,50.0,35.0,1,1,AlertSmoke
DetectMov,792,R1,R3,42.0,50.0,0,4,DetectMov
AlertSmoke,793,R2,R2,18.0,10.0,0,2,AlertSmoke
BaseThermRead,793,R2,R3,50.0,35.0,1,1,BaseThermRead
DetectMov,794,R3,R3,50.0,10.0,0,4,DetectMov
ErrorEvt,794,R3,R3,18.0,35.0,3,3,ErrorEvt
DetectMov,796,R3,R1,23.0,20.0,3,4,DetectMov
ErrorEvt,796,R3,R1,42.0,35.0,4,3,ErrorEvt
DetectMov,797,R3,R2,23.0,35.0,3,2,DetectMov
ErrorEvt,797,R2,R2,18.0,10.0,2,2,ErrorEvt
AlertSmoke,798,R1,R3,23.0,20.0,2,0,AlertSmoke
BaseThermRead,798,R1,R1,21.0,50.0,3,2,BaseThermRead
DetectMov,798,R3,R3,50.0,40.0,1,3,DetectMov
DetectMov,799,R3,R3,35.0,50.0,4,4,DetectMov
ErrorEvt,799,R2,R3,23.0,20.0,0,2,ErrorEvt
AlertSmoke,800,R1,R2,42.0,10.0,4,3,AlertSmoke
BaseThermRead,800,R3,R2,50.0,40.0,4,4,BaseThermRead
DetectMov,800,R1,R2,42.0,20.0,3,4,DetectMov
ErrorEvt,800,R2,R1,50.0,10.0,1,0,ErrorEvt
AlertSmoke,801,R1,R2,18.0,10.0,0,1,AlertSmoke
BaseThermRead,801,R2,R3,35.0,35.0,0,4,BaseThermRead
ErrorEvt,801,R2,R3,18.0,20.0,4,4,ErrorEvt
DetectMov,802,R1,R3,50.0,40.0,2,0,DetectMov
ErrorEvt,802,R3,R3,50.0,35.0,3,0,ErrorEvt
DetectMov,804,R2,R3,23.0,10.0,2,0,DetectMov
ErrorEvt,804,R2,R2,35.0,40.0,1,0,ErrorEvt
DetectMov,805,R3,R3,23.0,35.0,0,0,DetectMov
ErrorEvt,805,R1,R3,23.0,20.0,4,1,ErrorEvt
AlertSmoke,806,R1,R3,23.0,50.0,4,2,AlertSmoke
BaseThermRead,806,R3,R2,18.0,10.0,3,4,BaseThermRead
DetectMov,806,R1,R2,23.0,40.0,3,1,DetectMov
ErrorEvt,806,R2,R1,35.0,35.0,3,3,ErrorEvt
DetectMov,807,R3,R1,50.0,50.0,3,4,DetectMov
AlertSmoke,808,R2,R2,35.0,35.0,1,3,AlertSmoke
BaseThermRead,808,R2,R3,35.0,35.0,0,1,BaseThermRead
DetectMov,809,R1,R1,35.0,40.0,4,4,DetectMov
AlertSmoke,810,R3,R1,35.0,35.0,2,3,AlertSmoke
BaseThermRead,810,R3,R3,42.0,40.0,1,0,BaseThermRead
DetectMov,810,R1,R1,35.0,35.0,3,2,DetectMov
DetectMov,811,R3,R1,50.0,50.0,3,0,DetectMov
ErrorEvt,811,R1,R2,50.0,35.0,0,4,ErrorEvt
DetectMov,812,R3,R1,18.0,40.0,0,3,DetectMov
ErrorEvt,812,R1,R3,35.0,10.0,4,4,ErrorEvt
AlertSmoke,815,R3,R2,42.0,35.0,0,4,AlertSmoke
BaseThermRead,815,R2,R3,35.0,20.0,3,2,BaseThermRead
BaseThermRead,816,R3,R3,23.0,35.0,0,1,BaseThermRead
DetectMov,817,R1,R3,42.0,50.0,0,2,DetectMov
ErrorEvt,817,R2,R1,42.0,50.0,2,1,ErrorEvt
ErrorEvt,818,R3,R3,35.0,50.0,1,0,ErrorEvt
DetectMov,819,R3,R2,42.0,50.0,3,2,DetectMov
AlertSmoke,820,R1,R1,42.0,50.0,2,2,AlertSmoke
DetectMov,820,R3,R1,18.0,40.0,4,0,DetectMov
ErrorEvt,820,R2,R1,50.0,35.0,2,1,ErrorEvt
AlertSmoke,821,R1,R2,35.0,10.0,0,0,AlertSmoke
BaseThermRead,821,R1,R3,18.0,10.0,3,3,BaseThermRead
DetectMov,821,R3,R3,35.0,40.0,3,2,DetectMov
ErrorEvt,821,R3,R2,42.0,10.0,2,1,ErrorEvt
AlertSmoke,822,R3,R3,35.0,10.0,2,1,AlertSmoke
DetectMov,822,R3,R1,23.0,40.0,3,0,DetectMov
AlertSmoke,823,R3,R1,35.0,50.0,1,1,AlertSmoke
ErrorEvt,823,R1,R2,50.0,35.0,4,2,ErrorEvt
DetectMov,824,R2,R1,35.0,50.0,2,4,DetectMov
AlertSmoke,825,R1,R1,23.0,50.0,2,4,AlertSmoke
DetectMov,825,R2,R3,42.0,20.0,2,4,DetectMov
AlertSmoke,826,R1,R3,42.0,40.0,1,4,AlertSmoke
BaseThermRead,826,R2,R3,35.0,40.0,0,1,BaseThermRead
DetectMov,826,R2,R3,18.0,10.0,1,4,DetectMov
AlertSmoke,827,R1,R3,21.0,10.0,1,3,AlertSmoke
BaseThermRead,827,R2,R2,35.0,10.0,1,1,BaseThermRead
DetectMov,827,R2,R2,35.0,10.0,0,4,DetectMov
AlertSmoke,828,R3,R2,35.0,20.0,3,2,AlertSmoke
BaseThermRead,828,R3,R2,18.0,50.0,2,2,BaseThermRead
DetectMov,828,R1,R2,42.0,35.0,2,4,DetectMov
ErrorEvt,828,R1,R3,50.0,35.0,1,1,ErrorEvt
BaseThermRead,829,R2,R2,50.0,10.0,4,2,BaseThermRead
DetectMov,829,R1,R2,35.0,20.0,1,3,DetectMov
ErrorEvt,829,R1,R3,50.0,20.0,2,3,ErrorEvt
DetectMov,830,R3,R3,42.0,50.0,0,2,DetectMov
BaseThermRead,831,R2,R1,21.0,40.0,0,2,BaseThermRead
DetectMov,831,R2,R2,35.0,35.0,3,2,DetectMov
ErrorEvt,831,R3,R2,50.0,20.0,1,3,ErrorEvt
BaseThermRead,832,R1,R1,23.0,50.0,3,0,BaseThermRead
DetectMov,832,R1,R3,42.0,40.0,1,2,DetectMov
AlertSmoke,833,R2,R3,18.0,35.0,3,0,AlertSmoke
AlertSmoke,834,R2,R2,35.0,20.0,4,4,AlertSmoke
BaseThermRead,834,R3,R2,18.0,40.0,0,2,BaseThermRead
DetectMov,834,R3,R2,18.0,40.0,3,1,DetectMov
AlertSmoke,835,R2,R3,18.0,35.0,1,1,AlertSmoke
DetectMov,835,R3,R3,42.0,40.0,0,1,DetectMov
BaseThermRead,836,R3,R1,50.0,40.0,1,1,BaseThermRead
DetectMov,836,R3,R1,50.0,10.0,0,4,DetectMov
ErrorEvt,836,R1,R1,21.0,35.0,4,1,ErrorEvt
AlertSmoke,837,R2,R2,18.0,40.0,2,0,AlertSmoke
DetectMov,837,R1,R1,18.0,20.0,1,4,DetectMov
ErrorEvt,837,R2,R1,50.0,40.0,4,4,ErrorEvt
AlertSmoke,838,R1,R2,18.0,35.0,2,4,AlertSmoke
BaseThermRead,838,R3,R1,18.0,10.0,0,1,BaseThermRead
DetectMov,838,R2,R3,23.0,10.0,0,3,DetectMov
AlertSmoke,839,R2,R1,21.0,40.0,4,3,AlertSmoke
BaseThermRead,839,R1,R3,23.0,35.0,3,4,BaseThermRead
DetectMov,839,R2,R3,23.0,20.0,4,3,DetectMov
BaseThermRead,840,R2,R1,18.0,35.0,0,3,BaseThermRead
DetectMov,840,R1,R3,23.0,20.0,2,3,DetectMov
BaseThermRead,841,R2,R1,23.0,20.0,2,2,BaseThermRead
DetectMov,842,R2,R1,21.0,40.0,3,2,DetectMov
ErrorEvt,842,R3,R1,21.0,40.0,2,1,ErrorEvt
DetectMov,843,R2,R3,35.0,20.0,1,0,DetectMov
ErrorEvt,843,R3,R2,23.0,20.0,0,4,ErrorEvt
AlertSmoke,844,R3,R1,50.0,40.0,0,4,AlertSmoke
ErrorEvt,844,R3,R2,21.0,35.0,3,3,ErrorEvt
AlertSmoke,845,R3,R3,42.0,20.0,4,0,AlertSmoke
ErrorEvt,845,R3,R1,50.0,35.0,0,1,ErrorEvt
AlertSmoke,846,R1,R1,42.0,10.0,3,1,AlertSmoke
BaseThermRead,846,R2,R1,21.0,40.0,0,2,BaseThermRead
ErrorEvt,846,R1,R1,50.0,35.0,3,3,ErrorEvt
BaseThermRead,847,R2,R1,18.0,20.0,3,4,BaseThermRead
ErrorEvt,847,R1,R3,50.0,40.0,3,3,ErrorEvt
AlertSmoke,848,R2,R2,23.0,35.0,2,0,AlertSmoke
BaseThermRead,848,R3,R2,42.0,35.0,4,0,BaseThermRead
DetectMov,848,R2,R2,18.0,10.0,0,1,DetectMov
ErrorEvt,848,R2,R2,23.0,35.0,1,3,ErrorEvt
ErrorEvt,849,R1,R1,50.0,35.0,2,4,ErrorEvt
BaseThermRead,850,R1,R1,18.0,10.0,4,1,BaseThermRead
DetectMov,850,R1,R3,21.0,20.0,2,0,DetectMov
BaseThermRead,851,R2,R3,21.0,20.0,1,4,BaseThermRead
DetectMov,851,R1,R3,23.0,20.0,1,2,DetectMov
DetectMov,852,R1,R2,35.0,50.0,4,4,DetectMov
AlertSmoke,853,R2,R2,35.0,10.0,3,4,AlertSmoke
DetectMov,854,R3,R1,50.0,40.0,1,0,DetectMov
ErrorEvt,854,R1,R2,50.0,50.0,3,1,ErrorEvt
AlertSmoke,855,R3,R2,18.0,40.0,2,3,AlertSmoke
DetectMov,855,R1,R2,35.0,10.0,2,1,DetectMov
BaseThermRead,856,R1,R3,21.0,20.0,2,2,BaseThermRead
DetectMov,856,R3,R3,23.0,40.0,2,1,DetectMov
ErrorEvt,856,R1,R3,42.0,50.0,3,1,ErrorEvt
AlertSmoke,857,R3,R2,42.0,20.0,0,1,AlertSmoke
BaseThermRead,857,R1,R3,21.0,40.0,0,1,BaseThermRead
ErrorEvt,857,R2,R2,21.0,20.0,2,2,ErrorEvt
AlertSmoke,858,R1,R2,35.0,35.0,4,4,AlertSmoke
BaseThermRead,858,R2,R1,23.0,40.0,2,2,BaseThermRead
AlertSmoke,859,R3,R3,18.0,35.0,0,3,AlertSmoke
AlertSmoke,861,R1,R3,18.0,35.0,4,1,AlertSmoke
DetectMov,861,R3,R1,42.0,40.0,1,2,DetectMov
DetectMov,862,R3,R2,35.0,50.0,0,1,DetectMov
ErrorEvt,862,R1,R1,35.0,50.0,0,2,ErrorEvt
BaseThermRead,863,R2,R2,42.0,40.0,4,0,BaseThermRead
DetectMov,863,R3,R2,35.0,50.0,1,1,DetectMov
BaseThermRead,864,R3,R3,21.0,35.0,4,3,BaseThermRead
BaseThermRead,865,R3,R2,23.0,20.0,2,0,BaseThermRead
DetectMov,865,R2,R1,21.0,40.0,4,2,DetectMov
AlertSmoke,866,R2,R3,50.0,10.0,1,1,AlertSmoke
DetectMov,866,R2,R3,35.0,35.0,0,3,DetectMov
AlertSmoke,867,R1,R2,23.0,50.0,2,4,AlertSmoke
BaseThermRead,867,R1,R3,35.0,20.0,2,1,BaseThermRead
DetectMov,867,R2,R2,50.0,10.0,2,2,DetectMov
ErrorEvt,867,R2,R3,23.0,20.0,4,2,ErrorEvt
AlertSmoke,868,R1,R2,35.0,20.0,2,1,AlertSmoke
BaseThermRead,868,R2,R1,42.0,35.0,0,1,BaseThermRead
ErrorEvt,868,R2,R2,50.0,50.0,4,2,ErrorEvt
AlertSmoke,869,R1,R2,21.0,40.0,2,3,AlertSmoke
BaseThermRead,869,R2,R2,21.0,50.0,3,1,BaseThermRead
ErrorEvt,869,R3,R1,35.0,20.0,3,4,ErrorEvt
AlertSmoke,870,R3,R1,35.0,40.0,2,4,AlertSmoke
BaseThermRead,870,R2,R3,23.0,50.0,4,4,BaseThermRead
ErrorEvt,870,R1,R1,23.0,35.0,1,1,ErrorEvt
AlertSmoke,871,R2,R3,35.0,40.0,0,4,AlertSmoke
BaseThermRead,871,R3,R2,23.0,40.0,0,3,BaseThermRead
ErrorEvt,871,R2,R1,23.0,40.0,1,1,ErrorEvt
AlertSmoke,872,R1,R3,23.0,20.0,0,2,AlertSmoke
BaseThermRead,872,R3,R1,23.0,50.0,0,1,BaseThermRead
DetectMov,872,R2,R1,42.0,40.0,1,0,DetectMov
AlertSmoke,873,R2,R2,23.0,50.0,3,2,AlertSmoke
AlertSmoke,875,R1,R2,50.0,40.0,4,1,AlertSmoke
ErrorEvt,876,R2,R2,21.0,50.0,1,3,ErrorEvt
AlertSmoke,877,R2,R3,23.0,50.0,1,4,AlertSmoke
BaseThermRead,877,R1,R2,35.0,35.0,2,2,BaseThermRead
DetectMov,877,R2,R2,18.0,35.0,4,2,DetectMov
ErrorEvt,877,R1,R3,42.0,50.0,2,3,ErrorEvt
AlertSmoke,878,R1,R3,23.0,10.0,4,4,AlertSmoke
BaseThermRead,878,R2,R2,50.0,10.0,0,0,BaseThermRead
ErrorEvt,878,R3,R1,23.0,50.0,2,1,ErrorEvt
AlertSmoke,879,R3,R1,35.0,10.0,4,1,AlertSmoke
AlertSmoke,880,R3,R1,42.0,40.0,4,4,AlertSmoke
BaseThermRead,880,R1,R3,21.0,50.0,1,4,BaseThermRead
ErrorEvt,880,R1,R3,18.0,40.0,2,1,ErrorEvt
AlertSmoke,881,R3,R3,18.0,10.0,1,3,AlertSmoke
BaseThermRead,882,R1,R2,23.0,50.0,3,0,BaseThermRead
DetectMov,882,R1,R2,23.0,20.0,1,0,DetectMov
BaseThermRead,884,R1,R1,35.0,50.0,4,2,BaseThermRead
BaseThermRead,885,R3,R2,21.0,35.0,0,1,BaseThermRead
ErrorEvt,885,R2,R2,18.0,20.0,2,2,ErrorEvt
AlertSmoke,886,R2,R1,18.0,35.0,1,2,AlertSmoke
BaseThermRead,886,R1,R1,21.0,50.0,0,3,BaseThermRead
AlertSmoke,887,R2,R3,23.0,20.0,4,3,AlertSmoke
BaseThermRead,887,R2,R2,50.0,50.0,3,1,BaseThermRead
DetectMov,887,R3,R3,18.0,40.0,1,1,DetectMov
ErrorEvt,887,R1,R1,21.0,50.0,0,0,ErrorEvt
BaseThermRead,888,R2,R3,50.0,35.0,4,2,BaseThermRead
DetectMov,888,R2,R2,42.0,35.0,4,0,DetectMov
ErrorEvt,888,R1,R2,42.0,40.0,3,4,ErrorEvt
BaseThermRead,889,R1,R3,21.0,50.0,4,4,BaseThermRead
ErrorEvt,889,R3,R3,23.0,40.0,3,0,ErrorEvt
DetectMov,890,R2,R1,42.0,10.0,3,1,DetectMov
ErrorEvt,890,R3,R1,21.0,20.0,3,4,ErrorEvt
BaseThermRead,891,R3,R2,50.0,50.0,0,3,BaseThermRead
ErrorEvt,891,R3,R1,21.0,20.0,4,0,ErrorEvt
AlertSmoke,892,R1,R2,23.0,40.0,2,2,AlertSmoke
DetectMov,892,R1,R3,42.0,35.0,3,4,DetectMov
ErrorEvt,892,R2,R1,50.0,50.0,2,3,ErrorEvt
BaseThermRead,893,R3,R2,21.0,35.0,0,2,BaseThermRead
ErrorEvt,893,R1,R2,21.0,20.0,2,1,ErrorEvt
BaseThermRead,894,R2,R2,42.0,40.0,2,2,BaseThermRead
DetectMov,894,R3,R3,21.0,35.0,3,4,DetectMov
ErrorEvt,894,R1,R3,21.0,40.0,1,1,ErrorEvt
DetectMov,895,R2,R3,21.0,10.0,2,4,DetectMov
DetectMov,896,R3,R1,23.0,10.0,3,2,DetectMov
AlertSmoke,897,R2,R1,42.0,20.0,4,2,AlertSmoke
DetectMov,897,R2,R2,50.0,50.0,1,1,DetectMov
DetectMov,898,R3,R1,21.0,50.0,4,1,DetectMov
AlertSmoke,899,R1,R2,21.0,35.0,4,1,AlertSmoke
BaseThermRead,899,R1,R1,42.0,50.0,2,1,BaseThermRead
ErrorEvt,899,R3,R3,35.0,40.0,4,1,ErrorEvt
AlertSmoke,900,R1,R1,23.0,40.0,4,0,AlertSmoke
DetectMov,900,R2,R3,42.0,50.0,2,1,DetectMov
ErrorEvt,900,R1,R3,21.0,50.0,2,4,ErrorEvt
AlertSmoke,902,R2,R1,42.0,35.0,3,4,AlertSmoke
BaseThermRead,904,R1,R2,35.0,35.0,3,3,BaseThermRead
BaseThermRead,905,R3,R2,23.0,10.0,2,3,BaseThermRead
DetectMov,905,R1,R1,50.0,35.0,4,2,DetectMov
ErrorEvt,905,R1,R2,42.0,40.0,4,1,ErrorEvt
BaseThermRead,906,R1,R3,23.0,20.0,1,3,BaseThermRead
DetectMov,906,R3,R2,23.0,50.0,3,1,DetectMov
ErrorEvt,906,R3,R1,42.0,35.0,3,3,ErrorEvt
AlertSmoke,907,R3,R3,50.0,10.0,2,4,AlertSmoke
BaseThermRead,907,R3,R2,18.0,10.0,0,4,BaseThermRead
ErrorEvt,907,R3,R2,42.0,35.0,3,2,ErrorEvt
ErrorEvt,908,R1,R3,18.0,20.0,1,1,ErrorEvt
BaseThermRead,909,R3,R2,23.0,50.0,3,4,BaseThermRead
ErrorEvt,910,R2,R1,21.0,20.0,1,2,ErrorEvt
BaseThermRead,911,R2,R2,35.0,50.0,0,4,BaseThermRead
DetectMov,911,R3,R1,23.0,40.0,2,1,DetectMov
ErrorEvt,911,R2,R2,18.0,35.0,1,0,ErrorEvt
AlertSmoke,912,R1,R1,50.0,20.0,1,3,AlertSmoke
ErrorEvt,912,R3,R3,23.0,50.0,3,1,ErrorEvt
AlertSmoke,913,R1,R1,50.0,35.0,3,4,AlertSmoke
BaseThermRead,913,R3,R1,21.0,50.0,1,1,BaseThermRead
AlertSmoke,914,R3,R1,50.0,35.0,4,2,AlertSmoke
BaseThermRead,914,R2,R1,21.0,35.0,4,4,BaseThermRead
ErrorEvt,914,R3,R1,50.0,50.0,4,4,ErrorEvt
ErrorEvt,915,R2,R2,21.0,40.0,0,0,ErrorEvt
AlertSmoke,916,R1,R2,23.0,10.0,0,2,AlertSmoke
BaseThermRead,916,R2,R2,23.0,20.0,0,4,BaseThermRead
DetectMov,916,R2,R3,21.0,50.0,3,4,DetectMov
ErrorEvt,916,R3,R3,50.0,50.0,1,1,ErrorEvt
AlertSmoke,917,R2,R3,42.0,50.0,3,1,AlertSmoke
BaseThermRead,917,R3,R2,18.0,35.0,4,2,BaseThermRead
DetectMov,918,R3,R1,35.0,50.0,2,4,DetectMov
ErrorEvt,918,R1,R2,35.0,40.0,1,1,ErrorEvt
BaseThermRead,919,R1,R1,42.0,10.0,2,0,BaseThermRead
DetectMov,919,R2,R3,42.0,35.0,0,3,DetectMov
BaseThermRead,920,R1,R3,50.0,50.0,1,4,BaseThermRead
ErrorEvt,920,R3,R3,23.0,10.0,2,2,ErrorEvt
BaseThermRead,921,R3,R2,50.0,40.0,2,1,BaseThermRead
DetectMov,921,R2,R1,23.0,20.0,3,0,DetectMov
ErrorEvt,921,R3,R2,42.0,10.0,0,4,ErrorEvt
AlertSmoke,922,R1,R3,42.0,35.0,1,3,AlertSmoke
AlertSmoke,923,R1,R3,50.0,35.0,3,3,AlertSmoke
AlertSmoke,925,R3,R2,23.0,10.0,1,4,AlertSmoke
BaseThermRead,926,R2,R3,23.0,35.0,2,4,BaseThermRead
DetectMov,926,R1,R1,35.0,20.0,2,3,DetectMov
ErrorEvt,926,R2,R2,23.0,10.0,0,1,ErrorEvt
DetectMov,928,R3,R2,50.0,50.0,0,1,DetectMov
DetectMov,929,R2,R1,21.0,20.0,1,1,DetectMov
AlertSmoke,930,R3,R2,35.0,40.0,1,0,AlertSmoke
DetectMov,930,R3,R1,42.0,20.0,4,4,DetectMov
AlertSmoke,931,R2,R2,50.0,50.0,1,3,AlertSmoke
BaseThermRead,931,R3,R3,50.0,20.0,2,2,BaseThermRead
DetectMov,931,R1,R1,50.0,40.0,4,0,DetectMov
ErrorEvt,931,R2,R2,23.0,20.0,0,0,ErrorEvt
BaseThermRead,932,R2,R3,23.0,20.0,3,4,BaseThermRead
BaseThermRead,933,R2,R3,35.0,10.0,0,0,BaseThermRead
ErrorEvt,933,R1,R1,42.0,20.0,2,0,ErrorEvt
ErrorEvt,934,R1,R1,50.0,10.0,2,2,ErrorEvt
BaseThermRead,935,R3,R2,35.0,50.0,4,3,BaseThermRead
AlertSmoke,936,R2,R3,35.0,10.0,0,1,AlertSmoke
BaseThermRead,936,R2,R2,23.0,10.0,2,1,BaseThermRead
DetectMov,936,R1,R2,23.0,50.0,4,0,DetectMov
ErrorEvt,936,R2,R1,18.0,40.0,4,4,ErrorEvt
BaseThermRead,937,R1,R1,18.0,35.0,2,3,BaseThermRead
DetectMov,937,R3,R1,50.0,50.0,4,3,DetectMov
ErrorEvt,937,R1,R3,42.0,10.0,0,2,ErrorEvt
AlertSmoke,938,R2,R2,50.0,50.0,0,0,AlertSmoke
DetectMov,938,R1,R2,35.0,50.0,1,1,DetectMov
ErrorEvt,938,R3,R3,21.0,40.0,2,4,ErrorEvt
DetectMov,939,R3,R2,21.0,40.0,2,2,DetectMov
ErrorEvt,939,R2,R1,42.0,20.0,2,1,ErrorEvt
DetectMov,940,R2,R2,21.0,40.0,0,0,DetectMov
DetectMov,941,R1,R2,35.0,40.0,3,1,DetectMov
ErrorEvt,941,R1,R3,21.0,50.0,3,2,ErrorEvt
BaseThermRead,942,R2,R3,50.0,35.0,0,0,BaseThermRead
DetectMov,942,R2,R1,35.0,40.0,0,3,DetectMov
ErrorEvt,942,R2,R2,42.0,50.0,3,2,ErrorEvt
AlertSmoke,943,R2,R2,21.0,50.0,4,1,AlertSmoke
BaseThermRead,943,R2,R3,50.0,40.0,2,4,BaseThermRead
ErrorEvt,943,R3,R2,23.0,50.0,4,1,ErrorEvt
AlertSmoke,944,R1,R3,21.0,35.0,4,4,AlertSmoke
ErrorEvt,944,R1,R2,21.0,40.0,0,2,ErrorEvt
AlertSmoke,945,R2,R3,21.0,50.0,1,3,AlertSmoke
BaseThermRead,945,R1,R3,23.0,40.0,2,1,BaseThermRead
ErrorEvt,945,R3,R3,35.0,35.0,3,4,ErrorEvt
AlertSmoke,946,R1,R1,18.0,40.0,3,3,AlertSmoke
BaseThermRead,947,R3,R1,21.0,50.0,1,1,BaseThermRead
DetectMov,947,R1,R2,21.0,10.0,0,4,DetectMov
AlertSmoke,948,R3,R2,23.0,10.0,2,2,AlertSmoke
BaseThermRead,948,R3,R2,50.0,40.0,2,1,BaseThermRead
DetectMov,948,R3,R2,23.0,20.0,3,4,DetectMov
AlertSmoke,949,R2,R3,42.0,40.0,1,2,AlertSmoke
DetectMov,949,R2,R2,35.0,20.0,1,0,DetectMov
ErrorEvt,950,R2,R3,50.0,35.0,4,4,ErrorEvt
AlertSmoke,951,R3,R1,35.0,50.0,4,0,AlertSmoke
DetectMov,951,R1,R2,23.0,40.0,0,3,DetectMov
ErrorEvt,952,R3,R3,23.0,35.0,1,3,ErrorEvt
BaseThermRead,953,R2,R1,35.0,40.0,3,2,BaseThermRead
DetectMov,953,R1,R1,23.0,20.0,3,1,DetectMov
BaseThermRead,954,R1,R2,18.0,35.0,0,1,BaseThermRead
ErrorEvt,954,R2,R1,18.0,20.0,2,3,ErrorEvt
DetectMov,955,R2,R1,21.0,20.0,4,2,DetectMov
AlertSmoke,956,R3,R1,35.0,35.0,3,2,AlertSmoke
BaseThermRead,956,R1,R3,35.0,20.0,3,0,BaseThermRead
ErrorEvt,956,R1,R3,23.0,20.0,0,1,ErrorEvt
AlertSmoke,957,R3,R3,21.0,40.0,4,2,AlertSmoke
BaseThermRead,957,R3,R2,35.0,40.0,2,0,BaseThermRead
ErrorEvt,957,R2,R3,21.0,35.0,2,1,ErrorEvt
AlertSmoke,958,R1,R1,23.0,40.0,4,1,AlertSmoke
AlertSmoke,959,R1,R2,21.0,20.0,1,2,AlertSmoke
ErrorEvt,959,R2,R1,50.0,20.0,2,4,ErrorEvt
DetectMov,960,R2,R2,42.0,40.0,1,1,DetectMov
ErrorEvt,960,R3,R3,18.0,50.0,4,4,ErrorEvt
AlertSmoke,961,R3,R2,42.0,10.0,4,4,AlertSmoke
DetectMov,961,R1,R3,23.0,10.0,4,3,DetectMov
AlertSmoke,962,R1,R1,50.0,40.0,2,1,AlertSmoke
BaseThermRead,962,R2,R1,18.0,50.0,2,4,BaseThermRead
AlertSmoke,963,R3,R3,18.0,50.0,1,3,AlertSmoke
BaseThermRead,963,R2,R1,50.0,10.0,4,2,BaseThermRead
DetectMov,963,R2,R3,23.0,20.0,2,3,DetectMov
ErrorEvt,965,R3,R3,35.0,40.0,2,0,ErrorEvt
AlertSmoke,968,R2,R3,42.0,50.0,0,0,AlertSmoke
BaseThermRead,968,R3,R3,18.0,40.0,2,4,BaseThermRead
DetectMov,968,R3,R3,42.0,50.0,2,2,DetectMov
BaseThermRead,969,R2,R3,50.0,40.0,0,0,BaseThermRead
DetectMov,969,R2,R3,50.0,40.0,1,0,DetectMov
BaseThermRead,970,R2,R2,50.0,35.0,3,4,BaseThermRead
ErrorEvt,970,R2,R1,21.0,40.0,0,2,ErrorEvt
BaseThermRead,971,R2,R2,23.0,50.0,1,4,BaseThermRead
DetectMov,971,R2,R2,21.0,40.0,0,4,DetectMov
AlertSmoke,973,R2,R2,42.0,35.0,3,2,AlertSmoke
BaseThermRead,973,R1,R1,42.0,35.0,4,1,BaseThermRead
AlertSmoke,974,R3,R3,18.0,50.0,4,0,AlertSmoke
BaseThermRead,974,R3,R1,42.0,35.0,1,2,BaseThermRead
BaseThermRead,975,R3,R1,18.0,10.0,4,4,BaseThermRead
AlertSmoke,976,R1,R1,21.0,50.0,1,4,AlertSmoke
DetectMov,976,R1,R1,23.0,35.0,3,2,DetectMov
DetectMov,977,R1,R3,18.0,20.0,2,4,DetectMov
DetectMov,978,R2,R3,23.0,50.0,3,4,DetectMov
BaseThermRead,980,R2,R3,42.0,10.0,4,0,BaseThermRead
AlertSmoke,981,R1,R2,35.0,10.0,0,1,AlertSmoke
BaseThermRead,981,R3,R3,35.0,40.0,4,2,BaseThermRead
BaseThermRead,982,R1,R3,50.0,50.0,3,0,BaseThermRead
AlertSmoke,983,R3,R1,23.0,35.0,4,1,AlertSmoke
DetectMov,983,R2,R2,21.0,10.0,4,4,DetectMov
AlertSmoke,984,R3,R3,42.0,20.0,0,2,AlertSmoke
BaseThermRead,984,R2,R1,21.0,40.0,3,1,BaseThermRead
DetectMov,984,R2,R3,18.0,10.0,1,2,DetectMov
AlertSmoke,985,R2,R2,18.0,10.0,2,4,AlertSmoke
BaseThermRead,985,R2,R3,23.0,10.0,0,2,BaseThermRead
BaseThermRead,986,R1,R1,42.0,40.0,1,2,BaseThermRead
DetectMov,989,R2,R3,18.0,40.0,2,2,DetectMov
AlertSmoke,990,R2,R2,50.0,40.0,4,3,AlertSmoke
DetectMov,990,R3,R3,50.0,10.0,1,0,DetectMov
AlertSmoke,991,R1,R1,23.0,50.0,1,4,AlertSmoke
BaseThermRead,991,R2,R3,23.0,35.0,3,3,BaseThermRead
AlertSmoke,993,R1,R1,42.0,35.0,3,0,AlertSmoke
DetectMov,995,R1,R3,35.0,20.0,3,0,DetectMov
BaseThermRead,996,R3,R3,35.0,20.0,3,2,BaseThermRead
DetectMov,996,R2,R3,42.0,35.0,0,2,DetectMov
DetectMov,997,R3,R2,35.0,40.0,1,3,DetectMov
AlertSmoke,998,R3,R2,35.0,50.0,3,2,AlertSmoke
DetectMov,998,R3,R2,18.0,40.0,3,0,DetectMov
AlertSmoke,999,R2,R1,42.0,50.0,4,4,AlertSmoke
DetectMov,999,R3,R2,23.0,20.0,0,0,DetectMov
AlertSmoke,1000,R1,R2,21.0,35.0,4,2,AlertSmoke
DetectMov,1000,R1,R3,42.0,35.0,1,3,DetectMov
AlertSmoke,1001,R1,R3,21.0,40.0,1,0,AlertSmoke
DetectMov,1001,R1,R3,23.0,10.0,4,4,DetectMov
AlertSmoke,1006,R2,R3,42.0,10.0,4,1,AlertSmoke
DetectMov,1006,R2,R2,50.0,40.0,3,3,DetectMov
DetectMov,1007,R2,R1,21.0,10.0,2,4,DetectMov
DetectMov,1008,R2,R3,35.0,40.0,3,3,DetectMov
DetectMov,1009,R2,R2,42.0,50.0,1,2,DetectMov
AlertSmoke,1011,R3,R2,18.0,20.0,0,4,AlertSmoke
AlertSmoke,1012,R2,R1,23.0,50.0,1,0,AlertSmoke
AlertSmoke,1017,R3,R2,23.0,50.0,1,1,AlertSmoke
